,node_name,peak_value,parameter,roi
0,v_Intercept,0.0942728895221298,v,1
1,"v_C(type, Treatment('prototype'))[T.exception]",0.10376659748367613,v,1
2,"v_C(type, Treatment('prototype'))[T.rule follower]",-0.043797636545323086,v,1
3,v_roi1,-0.2621168596166764,v,1
4,"v_roi1:C(type, Treatment('prototype'))[T.exception]",-0.0015135303713667005,v,1
5,"v_roi1:C(type, Treatment('prototype'))[T.rule follower]",-0.010860199821195682,v,1
6,a_Intercept,1.6088610950925168,a,1
7,"a_C(type, Treatment('prototype'))[T.exception]",0.029987179472467207,a,1
8,"a_C(type, Treatment('prototype'))[T.rule follower]",0.016325798116928525,a,1
9,a_roi1,0.8741263902838816,a,1
10,"a_roi1:C(type, Treatment('prototype'))[T.exception]",0.21527202583820426,a,1
11,"a_roi1:C(type, Treatment('prototype'))[T.rule follower]",0.07434497854782329,a,1
12,t_Intercept,0.3774258466211484,t,1
13,"t_C(type, Treatment('prototype'))[T.exception]",0.020993599181041683,t,1
14,"t_C(type, Treatment('prototype'))[T.rule follower]",0.01952672905413512,t,1
15,t_roi1,-0.13606801407223773,t,1
16,"t_roi1:C(type, Treatment('prototype'))[T.exception]",-0.03039776872139472,t,1
17,"t_roi1:C(type, Treatment('prototype'))[T.rule follower]",0.041868217588089784,t,1
18,v_Intercept,0.07016061953126199,v,2
19,"v_C(type, Treatment('prototype'))[T.exception]",0.10500883693106487,v,2
20,"v_C(type, Treatment('prototype'))[T.rule follower]",-0.053442815598071625,v,2
21,v_roi2,-0.07182356989193528,v,2
22,"v_roi2:C(type, Treatment('prototype'))[T.exception]",-0.08044753371161317,v,2
23,"v_roi2:C(type, Treatment('prototype'))[T.rule follower]",0.03364039039793565,v,2
24,a_Intercept,1.5643759102159789,a,2
25,"a_C(type, Treatment('prototype'))[T.exception]",0.0853756765791073,a,2
26,"a_C(type, Treatment('prototype'))[T.rule follower]",0.026595179732503416,a,2
27,a_roi2,0.5924059178172479,a,2
28,"a_roi2:C(type, Treatment('prototype'))[T.exception]",-0.182627940191747,a,2
29,"a_roi2:C(type, Treatment('prototype'))[T.rule follower]",0.04472331425582854,a,2
30,t_Intercept,0.3725598595270846,t,2
31,"t_C(type, Treatment('prototype'))[T.exception]",0.019447472667670933,t,2
32,"t_C(type, Treatment('prototype'))[T.rule follower]",0.013344382550103605,t,2
33,t_roi2,-0.060691768422076575,t,2
34,"t_roi2:C(type, Treatment('prototype'))[T.exception]",0.030364618706150762,t,2
35,"t_roi2:C(type, Treatment('prototype'))[T.rule follower]",0.0370249592589966,t,2
36,v_Intercept,0.023945738659134463,v,8
37,"v_C(type, Treatment('prototype'))[T.exception]",0.11934233580417725,v,8
38,"v_C(type, Treatment('prototype'))[T.rule follower]",-0.04144301818581561,v,8
39,v_roi8,-0.38162036514706377,v,8
40,"v_roi8:C(type, Treatment('prototype'))[T.exception]",0.061960467738365166,v,8
41,"v_roi8:C(type, Treatment('prototype'))[T.rule follower]",0.22813196572496475,v,8
42,a_Intercept,1.827376394430775,a,8
43,"a_C(type, Treatment('prototype'))[T.exception]",0.10174280414226786,a,8
44,"a_C(type, Treatment('prototype'))[T.rule follower]",0.056786699287987685,a,8
45,a_roi8,0.7345945889887967,a,8
46,"a_roi8:C(type, Treatment('prototype'))[T.exception]",0.24036266676278265,a,8
47,"a_roi8:C(type, Treatment('prototype'))[T.rule follower]",-0.11725015600966204,a,8
48,t_Intercept,0.3454120053596728,t,8
49,"t_C(type, Treatment('prototype'))[T.exception]",0.01646539402169423,t,8
50,"t_C(type, Treatment('prototype'))[T.rule follower]",0.03449680622495422,t,8
51,t_roi8,-0.0749016805842734,t,8
52,"t_roi8:C(type, Treatment('prototype'))[T.exception]",0.028827484235999287,t,8
53,"t_roi8:C(type, Treatment('prototype'))[T.rule follower]",0.07112184699678918,t,8
54,v_Intercept,0.07114272095627949,v,14
55,"v_C(type, Treatment('prototype'))[T.exception]",0.07293691147918757,v,14
56,"v_C(type, Treatment('prototype'))[T.rule follower]",0.0017100780946790186,v,14
57,v_roi14,-0.6409608394469846,v,14
58,"v_roi14:C(type, Treatment('prototype'))[T.exception]",0.2941401513671127,v,14
59,"v_roi14:C(type, Treatment('prototype'))[T.rule follower]",-0.4046723525869471,v,14
60,a_Intercept,1.7367502172912397,a,14
61,"a_C(type, Treatment('prototype'))[T.exception]",0.11370718661482206,a,14
62,"a_C(type, Treatment('prototype'))[T.rule follower]",0.029623807252841663,a,14
63,a_roi14,1.0171534574268284,a,14
64,"a_roi14:C(type, Treatment('prototype'))[T.exception]",0.13293557645220488,a,14
65,"a_roi14:C(type, Treatment('prototype'))[T.rule follower]",1.0893659576809118,a,14
66,t_Intercept,0.3630573692936025,t,14
67,"t_C(type, Treatment('prototype'))[T.exception]",0.00682363192337905,t,14
68,"t_C(type, Treatment('prototype'))[T.rule follower]",0.025323616044147262,t,14
69,t_roi14,0.10562387792462584,t,14
70,"t_roi14:C(type, Treatment('prototype'))[T.exception]",-0.08558440415021717,t,14
71,"t_roi14:C(type, Treatment('prototype'))[T.rule follower]",-0.3928642038590781,t,14
72,v_Intercept,0.04202642935407555,v,15
73,"v_C(type, Treatment('prototype'))[T.exception]",0.10798041266564247,v,15
74,"v_C(type, Treatment('prototype'))[T.rule follower]",-0.046184327824130095,v,15
75,v_roi15,-0.1498248022026636,v,15
76,"v_roi15:C(type, Treatment('prototype'))[T.exception]",0.9513635628363236,v,15
77,"v_roi15:C(type, Treatment('prototype'))[T.rule follower]",0.3038173283320196,v,15
78,a_Intercept,1.74763102799466,a,15
79,"a_C(type, Treatment('prototype'))[T.exception]",0.12257395968846085,a,15
80,"a_C(type, Treatment('prototype'))[T.rule follower]",0.05937528086886485,a,15
81,a_roi15,-0.7883825390507043,a,15
82,"a_roi15:C(type, Treatment('prototype'))[T.exception]",0.3407763184342021,a,15
83,"a_roi15:C(type, Treatment('prototype'))[T.rule follower]",0.00243522208786362,a,15
84,t_Intercept,0.3604236051292882,t,15
85,"t_C(type, Treatment('prototype'))[T.exception]",0.012962384843730579,t,15
86,"t_C(type, Treatment('prototype'))[T.rule follower]",0.022568647457181644,t,15
87,t_roi15,-0.08757012392528153,t,15
88,"t_roi15:C(type, Treatment('prototype'))[T.exception]",0.11083077094615752,t,15
89,"t_roi15:C(type, Treatment('prototype'))[T.rule follower]",0.05728804125162424,t,15
90,v_Intercept,0.054986450643076334,v,16
91,"v_C(type, Treatment('prototype'))[T.exception]",0.08621164989108299,v,16
92,"v_C(type, Treatment('prototype'))[T.rule follower]",-0.030484543812186408,v,16
93,v_roi16,-0.10387916182511857,v,16
94,"v_roi16:C(type, Treatment('prototype'))[T.exception]",-0.05461085551379563,v,16
95,"v_roi16:C(type, Treatment('prototype'))[T.rule follower]",-0.09166560229109699,v,16
96,a_Intercept,1.7254482313715036,a,16
97,"a_C(type, Treatment('prototype'))[T.exception]",0.07804076139761153,a,16
98,"a_C(type, Treatment('prototype'))[T.rule follower]",0.02137964226540576,a,16
99,a_roi16,1.0200123516644577,a,16
100,"a_roi16:C(type, Treatment('prototype'))[T.exception]",0.1435429989097763,a,16
101,"a_roi16:C(type, Treatment('prototype'))[T.rule follower]",0.5303942542898279,a,16
102,t_Intercept,0.3622197053119622,t,16
103,"t_C(type, Treatment('prototype'))[T.exception]",0.016638708728284546,t,16
104,"t_C(type, Treatment('prototype'))[T.rule follower]",0.0264367879841201,t,16
105,t_roi16,0.02246930365659386,t,16
106,"t_roi16:C(type, Treatment('prototype'))[T.exception]",-0.11228574801982304,t,16
107,"t_roi16:C(type, Treatment('prototype'))[T.rule follower]",-0.16282164605439695,t,16
108,v_Intercept,0.05387966435289826,v,17
109,"v_C(type, Treatment('prototype'))[T.exception]",0.11542708617847287,v,17
110,"v_C(type, Treatment('prototype'))[T.rule follower]",-0.046460310775758656,v,17
111,v_roi17,0.046733973503772064,v,17
112,"v_roi17:C(type, Treatment('prototype'))[T.exception]",-0.7066233163082007,v,17
113,"v_roi17:C(type, Treatment('prototype'))[T.rule follower]",-0.3362444635741257,v,17
114,a_Intercept,1.7535063367040014,a,17
115,"a_C(type, Treatment('prototype'))[T.exception]",0.11475501614247878,a,17
116,"a_C(type, Treatment('prototype'))[T.rule follower]",0.056250600092138725,a,17
117,a_roi17,1.1230664584564605,a,17
118,"a_roi17:C(type, Treatment('prototype'))[T.exception]",-0.05017374615619597,a,17
119,"a_roi17:C(type, Treatment('prototype'))[T.rule follower]",-0.032286080870290834,a,17
120,t_Intercept,0.354442942590781,t,17
121,"t_C(type, Treatment('prototype'))[T.exception]",0.01685423538794545,t,17
122,"t_C(type, Treatment('prototype'))[T.rule follower]",0.03660256600970435,t,17
123,t_roi17,-0.06433859745181379,t,17
124,"t_roi17:C(type, Treatment('prototype'))[T.exception]",-0.06450347781723552,t,17
125,"t_roi17:C(type, Treatment('prototype'))[T.rule follower]",0.14828336493504612,t,17
126,v_Intercept,0.0290849555570451,v,18
127,"v_C(type, Treatment('prototype'))[T.exception]",0.08975863995189684,v,18
128,"v_C(type, Treatment('prototype'))[T.rule follower]",-0.049504394111096715,v,18
129,v_roi18,-0.4322918366721913,v,18
130,"v_roi18:C(type, Treatment('prototype'))[T.exception]",0.4070162896409082,v,18
131,"v_roi18:C(type, Treatment('prototype'))[T.rule follower]",0.047980461897976216,v,18
132,a_Intercept,1.8048281254250576,a,18
133,"a_C(type, Treatment('prototype'))[T.exception]",0.06367447645259247,a,18
134,"a_C(type, Treatment('prototype'))[T.rule follower]",0.0184950724961441,a,18
135,a_roi18,0.8425092286909869,a,18
136,"a_roi18:C(type, Treatment('prototype'))[T.exception]",-0.1998951622898157,a,18
137,"a_roi18:C(type, Treatment('prototype'))[T.rule follower]",-0.3389664015339872,a,18
138,t_Intercept,0.3474816295329229,t,18
139,"t_C(type, Treatment('prototype'))[T.exception]",0.023782002079692305,t,18
140,"t_C(type, Treatment('prototype'))[T.rule follower]",0.05124132839136649,t,18
141,t_roi18,-0.10959243741910102,t,18
142,"t_roi18:C(type, Treatment('prototype'))[T.exception]",0.19264556955089385,t,18
143,"t_roi18:C(type, Treatment('prototype'))[T.rule follower]",0.3515981199363957,t,18
144,v_Intercept,0.03858240918461109,v,20
145,"v_C(type, Treatment('prototype'))[T.exception]",0.10579387488269973,v,20
146,"v_C(type, Treatment('prototype'))[T.rule follower]",-0.05673286258779198,v,20
147,v_roi20,-0.4948109816910421,v,20
148,"v_roi20:C(type, Treatment('prototype'))[T.exception]",0.07859385920659179,v,20
149,"v_roi20:C(type, Treatment('prototype'))[T.rule follower]",-0.2743672319283954,v,20
150,a_Intercept,1.7902923087493985,a,20
151,"a_C(type, Treatment('prototype'))[T.exception]",0.127456872080869,a,20
152,"a_C(type, Treatment('prototype'))[T.rule follower]",0.0812135255339465,a,20
153,a_roi20,0.951355401754354,a,20
154,"a_roi20:C(type, Treatment('prototype'))[T.exception]",0.19084645873397754,a,20
155,"a_roi20:C(type, Treatment('prototype'))[T.rule follower]",0.6766914122451344,a,20
156,t_Intercept,0.3709251940397734,t,20
157,"t_C(type, Treatment('prototype'))[T.exception]",-0.005438390276163718,t,20
158,"t_C(type, Treatment('prototype'))[T.rule follower]",0.015989323851124754,t,20
159,t_roi20,0.19624803005455044,t,20
160,"t_roi20:C(type, Treatment('prototype'))[T.exception]",-0.2015856386888457,t,20
161,"t_roi20:C(type, Treatment('prototype'))[T.rule follower]",-0.0823040935614392,t,20
162,v_Intercept,0.05390314455479875,v,23
163,"v_C(type, Treatment('prototype'))[T.exception]",0.0860620785906421,v,23
164,"v_C(type, Treatment('prototype'))[T.rule follower]",-0.0627423362822227,v,23
165,v_roi23,-1.3019369325991526,v,23
166,"v_roi23:C(type, Treatment('prototype'))[T.exception]",1.4751050907073486,v,23
167,"v_roi23:C(type, Treatment('prototype'))[T.rule follower]",-0.36582765814986784,v,23
168,a_Intercept,1.7759912849037929,a,23
169,"a_C(type, Treatment('prototype'))[T.exception]",0.11127223104017084,a,23
170,"a_C(type, Treatment('prototype'))[T.rule follower]",0.04958220566484717,a,23
171,a_roi23,1.0344510926869648,a,23
172,"a_roi23:C(type, Treatment('prototype'))[T.exception]",-0.3997117415523879,a,23
173,"a_roi23:C(type, Treatment('prototype'))[T.rule follower]",-0.026864963089975102,a,23
174,t_Intercept,0.3496557987556744,t,23
175,"t_C(type, Treatment('prototype'))[T.exception]",0.007926899615987117,t,23
176,"t_C(type, Treatment('prototype'))[T.rule follower]",0.032724447441882534,t,23
177,t_roi23,-0.10741863655656707,t,23
178,"t_roi23:C(type, Treatment('prototype'))[T.exception]",-0.012580472376024944,t,23
179,"t_roi23:C(type, Treatment('prototype'))[T.rule follower]",0.12813260864059933,t,23
180,v_Intercept,0.04275804819593529,v,24
181,"v_C(type, Treatment('prototype'))[T.exception]",0.17583030594181376,v,24
182,"v_C(type, Treatment('prototype'))[T.rule follower]",-0.02455345608595261,v,24
183,v_roi24,-0.017636802734270596,v,24
184,"v_roi24:C(type, Treatment('prototype'))[T.exception]",1.8353201937100907,v,24
185,"v_roi24:C(type, Treatment('prototype'))[T.rule follower]",0.5400303821264816,v,24
186,a_Intercept,1.7592627138701062,a,24
187,"a_C(type, Treatment('prototype'))[T.exception]",0.061303749147671865,a,24
188,"a_C(type, Treatment('prototype'))[T.rule follower]",0.026388164069825776,a,24
189,a_roi24,-0.37511687153000906,a,24
190,"a_roi24:C(type, Treatment('prototype'))[T.exception]",-0.5046582654343621,a,24
191,"a_roi24:C(type, Treatment('prototype'))[T.rule follower]",-0.6667970833237065,a,24
192,t_Intercept,0.3527196943469941,t,24
193,"t_C(type, Treatment('prototype'))[T.exception]",0.031336071406227545,t,24
194,"t_C(type, Treatment('prototype'))[T.rule follower]",0.03212160598604062,t,24
195,t_roi24,-0.09457387879912788,t,24
196,"t_roi24:C(type, Treatment('prototype'))[T.exception]",-0.050543452671482525,t,24
197,"t_roi24:C(type, Treatment('prototype'))[T.rule follower]",0.1420895378957166,t,24
198,v_Intercept,0.038988885265976464,v,25
199,"v_C(type, Treatment('prototype'))[T.exception]",0.07072658510582583,v,25
200,"v_C(type, Treatment('prototype'))[T.rule follower]",-0.06850890889211644,v,25
201,v_roi25,-0.149026653561259,v,25
202,"v_roi25:C(type, Treatment('prototype'))[T.exception]",-0.8246107097383475,v,25
203,"v_roi25:C(type, Treatment('prototype'))[T.rule follower]",-0.5229750836169773,v,25
204,a_Intercept,1.803391448404264,a,25
205,"a_C(type, Treatment('prototype'))[T.exception]",0.08628703184383019,a,25
206,"a_C(type, Treatment('prototype'))[T.rule follower]",0.04371809278842005,a,25
207,a_roi25,1.1262428798020319,a,25
208,"a_roi25:C(type, Treatment('prototype'))[T.exception]",-0.5388453473985682,a,25
209,"a_roi25:C(type, Treatment('prototype'))[T.rule follower]",0.15574307882729865,a,25
210,t_Intercept,0.3570339808923797,t,25
211,"t_C(type, Treatment('prototype'))[T.exception]",0.0118693225106501,t,25
212,"t_C(type, Treatment('prototype'))[T.rule follower]",0.028088428559777338,t,25
213,t_roi25,0.040481116364715575,t,25
214,"t_roi25:C(type, Treatment('prototype'))[T.exception]",0.03328304212329568,t,25
215,"t_roi25:C(type, Treatment('prototype'))[T.rule follower]",-0.01977877703062364,t,25
216,v_Intercept,0.05003413921701815,v,28
217,"v_C(type, Treatment('prototype'))[T.exception]",0.07964289839463283,v,28
218,"v_C(type, Treatment('prototype'))[T.rule follower]",-0.06609274827095851,v,28
219,v_roi28,0.4810927347281677,v,28
220,"v_roi28:C(type, Treatment('prototype'))[T.exception]",0.026684550721511442,v,28
221,"v_roi28:C(type, Treatment('prototype'))[T.rule follower]",-0.30123104353243324,v,28
222,a_Intercept,1.7334554499537334,a,28
223,"a_C(type, Treatment('prototype'))[T.exception]",0.09314128283521277,a,28
224,"a_C(type, Treatment('prototype'))[T.rule follower]",0.06318615406230225,a,28
225,a_roi28,-2.133060579306292,a,28
226,"a_roi28:C(type, Treatment('prototype'))[T.exception]",0.6254396508781981,a,28
227,"a_roi28:C(type, Treatment('prototype'))[T.rule follower]",0.9214600207459274,a,28
228,t_Intercept,0.3554501300893256,t,28
229,"t_C(type, Treatment('prototype'))[T.exception]",0.005167741606359869,t,28
230,"t_C(type, Treatment('prototype'))[T.rule follower]",0.027566935679483318,t,28
231,t_roi28,0.2269197127452436,t,28
232,"t_roi28:C(type, Treatment('prototype'))[T.exception]",-0.18273677756820814,t,28
233,"t_roi28:C(type, Treatment('prototype'))[T.rule follower]",-0.2327891318133841,t,28
234,v_Intercept,0.040286725532451495,v,29
235,"v_C(type, Treatment('prototype'))[T.exception]",0.13434728897715315,v,29
236,"v_C(type, Treatment('prototype'))[T.rule follower]",-0.03101681644820237,v,29
237,v_roi29,0.00824210190089536,v,29
238,"v_roi29:C(type, Treatment('prototype'))[T.exception]",2.0342988258379298,v,29
239,"v_roi29:C(type, Treatment('prototype'))[T.rule follower]",1.313943102283197,v,29
240,a_Intercept,1.7489020383349307,a,29
241,"a_C(type, Treatment('prototype'))[T.exception]",0.09847423556581393,a,29
242,"a_C(type, Treatment('prototype'))[T.rule follower]",0.00905144080718398,a,29
243,a_roi29,-2.4173807009940864,a,29
244,"a_roi29:C(type, Treatment('prototype'))[T.exception]",1.4748791329093192,a,29
245,"a_roi29:C(type, Treatment('prototype'))[T.rule follower]",-1.8520117729325247,a,29
246,t_Intercept,0.35518126884532475,t,29
247,"t_C(type, Treatment('prototype'))[T.exception]",0.013582573997431985,t,29
248,"t_C(type, Treatment('prototype'))[T.rule follower]",0.03317422018072631,t,29
249,t_roi29,0.4944362685111306,t,29
250,"t_roi29:C(type, Treatment('prototype'))[T.exception]",-0.16718749829287582,t,29
251,"t_roi29:C(type, Treatment('prototype'))[T.rule follower]",-0.3244358347816674,t,29
252,v_Intercept,0.06935385917438874,v,31
253,"v_C(type, Treatment('prototype'))[T.exception]",0.12365306862388392,v,31
254,"v_C(type, Treatment('prototype'))[T.rule follower]",-0.0620641236768478,v,31
255,v_roi31,-0.17767442474670914,v,31
256,"v_roi31:C(type, Treatment('prototype'))[T.exception]",-0.4823161829440532,v,31
257,"v_roi31:C(type, Treatment('prototype'))[T.rule follower]",0.1045232113709077,v,31
258,a_Intercept,1.747123437778458,a,31
259,"a_C(type, Treatment('prototype'))[T.exception]",0.10462618294517648,a,31
260,"a_C(type, Treatment('prototype'))[T.rule follower]",-0.0090061141297694,a,31
261,a_roi31,0.7999588974355849,a,31
262,"a_roi31:C(type, Treatment('prototype'))[T.exception]",-0.10414820333929577,a,31
263,"a_roi31:C(type, Treatment('prototype'))[T.rule follower]",0.5428002764255693,a,31
264,t_Intercept,0.3580674880553021,t,31
265,"t_C(type, Treatment('prototype'))[T.exception]",0.006416617754743045,t,31
266,"t_C(type, Treatment('prototype'))[T.rule follower]",0.03377540593965355,t,31
267,t_roi31,0.04550022658150893,t,31
268,"t_roi31:C(type, Treatment('prototype'))[T.exception]",0.0061712514467158214,t,31
269,"t_roi31:C(type, Treatment('prototype'))[T.rule follower]",-0.1277844753840281,t,31
270,v_Intercept,0.03654321271143568,v,32
271,"v_C(type, Treatment('prototype'))[T.exception]",0.10507163524777402,v,32
272,"v_C(type, Treatment('prototype'))[T.rule follower]",-0.055094468020549216,v,32
273,v_roi32,0.19314515459542314,v,32
274,"v_roi32:C(type, Treatment('prototype'))[T.exception]",-1.6019055668699635,v,32
275,"v_roi32:C(type, Treatment('prototype'))[T.rule follower]",-0.9714021247260098,v,32
276,a_Intercept,1.7812785619260023,a,32
277,"a_C(type, Treatment('prototype'))[T.exception]",0.09826239984757584,a,32
278,"a_C(type, Treatment('prototype'))[T.rule follower]",0.05509907013929377,a,32
279,a_roi32,0.15769436417945892,a,32
280,"a_roi32:C(type, Treatment('prototype'))[T.exception]",0.44630450238812136,a,32
281,"a_roi32:C(type, Treatment('prototype'))[T.rule follower]",0.9333555149877348,a,32
282,t_Intercept,0.3569149559201389,t,32
283,"t_C(type, Treatment('prototype'))[T.exception]",0.0097798623435641,t,32
284,"t_C(type, Treatment('prototype'))[T.rule follower]",0.032056062556666584,t,32
285,t_roi32,0.07931912455595946,t,32
286,"t_roi32:C(type, Treatment('prototype'))[T.exception]",-0.2519764812587544,t,32
287,"t_roi32:C(type, Treatment('prototype'))[T.rule follower]",-0.09170957177277116,t,32
288,v_Intercept,0.054087797910275286,v,33
289,"v_C(type, Treatment('prototype'))[T.exception]",0.10105331996432657,v,33
290,"v_C(type, Treatment('prototype'))[T.rule follower]",-0.05236639772614904,v,33
291,v_roi33,-0.2446138599416728,v,33
292,"v_roi33:C(type, Treatment('prototype'))[T.exception]",-0.5372461248204154,v,33
293,"v_roi33:C(type, Treatment('prototype'))[T.rule follower]",-0.5825196247276809,v,33
294,a_Intercept,1.7853997292990589,a,33
295,"a_C(type, Treatment('prototype'))[T.exception]",0.08707961460794905,a,33
296,"a_C(type, Treatment('prototype'))[T.rule follower]",0.02766873533505898,a,33
297,a_roi33,1.1043052573780217,a,33
298,"a_roi33:C(type, Treatment('prototype'))[T.exception]",0.0599751762438312,a,33
299,"a_roi33:C(type, Treatment('prototype'))[T.rule follower]",0.5484067276238813,a,33
300,t_Intercept,0.3523432616355197,t,33
301,"t_C(type, Treatment('prototype'))[T.exception]",0.009952208504390644,t,33
302,"t_C(type, Treatment('prototype'))[T.rule follower]",0.04174173914815223,t,33
303,t_roi33,-0.046227345178804,t,33
304,"t_roi33:C(type, Treatment('prototype'))[T.exception]",-0.06982595724883855,t,33
305,"t_roi33:C(type, Treatment('prototype'))[T.rule follower]",-0.03190521794090888,t,33
306,v_Intercept,0.052058157437197584,v,34
307,"v_C(type, Treatment('prototype'))[T.exception]",0.07380247329602138,v,34
308,"v_C(type, Treatment('prototype'))[T.rule follower]",-0.04690998451690157,v,34
309,v_roi34,0.002497320586877905,v,34
310,"v_roi34:C(type, Treatment('prototype'))[T.exception]",-0.23149684848977306,v,34
311,"v_roi34:C(type, Treatment('prototype'))[T.rule follower]",-0.4052243176483019,v,34
312,a_Intercept,1.7316048113373677,a,34
313,"a_C(type, Treatment('prototype'))[T.exception]",0.1520154629743568,a,34
314,"a_C(type, Treatment('prototype'))[T.rule follower]",0.056556616276968785,a,34
315,a_roi34,-1.7394670547651008,a,34
316,"a_roi34:C(type, Treatment('prototype'))[T.exception]",1.3281815922566138,a,34
317,"a_roi34:C(type, Treatment('prototype'))[T.rule follower]",0.6873928530827431,a,34
318,t_Intercept,0.357359131392848,t,34
319,"t_C(type, Treatment('prototype'))[T.exception]",0.004067524751463936,t,34
320,"t_C(type, Treatment('prototype'))[T.rule follower]",0.02602858430326637,t,34
321,t_roi34,0.20162908487390285,t,34
322,"t_roi34:C(type, Treatment('prototype'))[T.exception]",-0.2884424764085812,t,34
323,"t_roi34:C(type, Treatment('prototype'))[T.rule follower]",-0.1977562973956969,t,34
324,v_Intercept,0.051737916658596866,v,35
325,"v_C(type, Treatment('prototype'))[T.exception]",0.13664735182205776,v,35
326,"v_C(type, Treatment('prototype'))[T.rule follower]",-0.06175841487056182,v,35
327,v_roi35,-0.0232895521286417,v,35
328,"v_roi35:C(type, Treatment('prototype'))[T.exception]",-0.9277373598780044,v,35
329,"v_roi35:C(type, Treatment('prototype'))[T.rule follower]",0.0044097266711120575,v,35
330,a_Intercept,1.7839534480344754,a,35
331,"a_C(type, Treatment('prototype'))[T.exception]",0.06830133348104461,a,35
332,"a_C(type, Treatment('prototype'))[T.rule follower]",0.031789242159331293,a,35
333,a_roi35,0.5354420352708273,a,35
334,"a_roi35:C(type, Treatment('prototype'))[T.exception]",0.07682980297444275,a,35
335,"a_roi35:C(type, Treatment('prototype'))[T.rule follower]",0.510919000072338,a,35
336,t_Intercept,0.35398873264526065,t,35
337,"t_C(type, Treatment('prototype'))[T.exception]",0.004177700142027341,t,35
338,"t_C(type, Treatment('prototype'))[T.rule follower]",0.035072437926269656,t,35
339,t_roi35,-0.02366523760443566,t,35
340,"t_roi35:C(type, Treatment('prototype'))[T.exception]",0.034506856849446536,t,35
341,"t_roi35:C(type, Treatment('prototype'))[T.rule follower]",-0.058608583572454125,t,35
342,v_Intercept,0.07365404384002268,v,38
343,"v_C(type, Treatment('prototype'))[T.exception]",0.04442834703168577,v,38
344,"v_C(type, Treatment('prototype'))[T.rule follower]",-0.09165430892133293,v,38
345,v_roi38,0.5891559486167933,v,38
346,"v_roi38:C(type, Treatment('prototype'))[T.exception]",-1.2916104692849235,v,38
347,"v_roi38:C(type, Treatment('prototype'))[T.rule follower]",-0.7835255828108967,v,38
348,a_Intercept,1.7287033653894617,a,38
349,"a_C(type, Treatment('prototype'))[T.exception]",0.07429239325909716,a,38
350,"a_C(type, Treatment('prototype'))[T.rule follower]",0.05507173520458036,a,38
351,a_roi38,-0.8976152238756759,a,38
352,"a_roi38:C(type, Treatment('prototype'))[T.exception]",0.0286393758376986,a,38
353,"a_roi38:C(type, Treatment('prototype'))[T.rule follower]",-0.008639289601994895,a,38
354,t_Intercept,0.3638400788125033,t,38
355,"t_C(type, Treatment('prototype'))[T.exception]",0.009695511910034676,t,38
356,"t_C(type, Treatment('prototype'))[T.rule follower]",0.019889925206559286,t,38
357,t_roi38,0.186981874250632,t,38
358,"t_roi38:C(type, Treatment('prototype'))[T.exception]",-0.06530686960363248,t,38
359,"t_roi38:C(type, Treatment('prototype'))[T.rule follower]",-0.1582934318037416,t,38
360,v_Intercept,0.0896482611109338,v,39
361,"v_C(type, Treatment('prototype'))[T.exception]",0.006867897941260748,v,39
362,"v_C(type, Treatment('prototype'))[T.rule follower]",-0.02440052197516996,v,39
363,v_roi39,0.7153999382834944,v,39
364,"v_roi39:C(type, Treatment('prototype'))[T.exception]",-1.5173805150565902,v,39
365,"v_roi39:C(type, Treatment('prototype'))[T.rule follower]",0.438908203164224,v,39
366,a_Intercept,1.7276436420115944,a,39
367,"a_C(type, Treatment('prototype'))[T.exception]",0.0927798163489208,a,39
368,"a_C(type, Treatment('prototype'))[T.rule follower]",0.02547301766493616,a,39
369,a_roi39,-0.948315640368283,a,39
370,"a_roi39:C(type, Treatment('prototype'))[T.exception]",0.15919534698951845,a,39
371,"a_roi39:C(type, Treatment('prototype'))[T.rule follower]",-0.7143937324276761,a,39
372,t_Intercept,0.3573909333687613,t,39
373,"t_C(type, Treatment('prototype'))[T.exception]",0.015459072898774372,t,39
374,"t_C(type, Treatment('prototype'))[T.rule follower]",0.027214092253122584,t,39
375,t_roi39,0.0604754083413725,t,39
376,"t_roi39:C(type, Treatment('prototype'))[T.exception]",0.1022255772717667,t,39
377,"t_roi39:C(type, Treatment('prototype'))[T.rule follower]",0.06211029238970073,t,39
378,v_Intercept,0.0953253849612935,v,40
379,"v_C(type, Treatment('prototype'))[T.exception]",0.08825278309890505,v,40
380,"v_C(type, Treatment('prototype'))[T.rule follower]",-0.04470066969681291,v,40
381,v_roi40,0.5201942121416654,v,40
382,"v_roi40:C(type, Treatment('prototype'))[T.exception]",-0.01087089125850027,v,40
383,"v_roi40:C(type, Treatment('prototype'))[T.rule follower]",-0.2061829334015808,v,40
384,a_Intercept,1.6714140940660682,a,40
385,"a_C(type, Treatment('prototype'))[T.exception]",0.1082254271006377,a,40
386,"a_C(type, Treatment('prototype'))[T.rule follower]",-0.012233439035433752,a,40
387,a_roi40,-1.4266475171579138,a,40
388,"a_roi40:C(type, Treatment('prototype'))[T.exception]",0.2693566304949482,a,40
389,"a_roi40:C(type, Treatment('prototype'))[T.rule follower]",-0.559271709717333,a,40
390,t_Intercept,0.3606748613688297,t,40
391,"t_C(type, Treatment('prototype'))[T.exception]",0.00964652147250819,t,40
392,"t_C(type, Treatment('prototype'))[T.rule follower]",0.04052501021153816,t,40
393,t_roi40,0.1077009315415681,t,40
394,"t_roi40:C(type, Treatment('prototype'))[T.exception]",0.10380727759779013,t,40
395,"t_roi40:C(type, Treatment('prototype'))[T.rule follower]",-0.011518365028261812,t,40
396,v_Intercept,0.09121493541820573,v,41
397,"v_C(type, Treatment('prototype'))[T.exception]",0.020404117633615937,v,41
398,"v_C(type, Treatment('prototype'))[T.rule follower]",-0.025871115369770332,v,41
399,v_roi41,1.4771613460583997,v,41
400,"v_roi41:C(type, Treatment('prototype'))[T.exception]",-1.7823276966789106,v,41
401,"v_roi41:C(type, Treatment('prototype'))[T.rule follower]",0.3170664153330178,v,41
402,a_Intercept,1.7202806050231747,a,41
403,"a_C(type, Treatment('prototype'))[T.exception]",0.0662943986256272,a,41
404,"a_C(type, Treatment('prototype'))[T.rule follower]",-0.00580500600835826,a,41
405,a_roi41,-1.6580282626689629,a,41
406,"a_roi41:C(type, Treatment('prototype'))[T.exception]",-0.3089594210999622,a,41
407,"a_roi41:C(type, Treatment('prototype'))[T.rule follower]",-0.9598851095538404,a,41
408,t_Intercept,0.3586897214850371,t,41
409,"t_C(type, Treatment('prototype'))[T.exception]",0.025617250564091858,t,41
410,"t_C(type, Treatment('prototype'))[T.rule follower]",0.03193547390613144,t,41
411,t_roi41,0.1084752652189418,t,41
412,"t_roi41:C(type, Treatment('prototype'))[T.exception]",0.4170062891694949,t,41
413,"t_roi41:C(type, Treatment('prototype'))[T.rule follower]",0.045933677368501236,t,41
414,v_Intercept,0.049071115768848636,v,42
415,"v_C(type, Treatment('prototype'))[T.exception]",0.08714031170296907,v,42
416,"v_C(type, Treatment('prototype'))[T.rule follower]",-0.047121624618034964,v,42
417,v_roi42,0.17803649075462644,v,42
418,"v_roi42:C(type, Treatment('prototype'))[T.exception]",0.2053541766740694,v,42
419,"v_roi42:C(type, Treatment('prototype'))[T.rule follower]",0.19941275250655546,v,42
420,a_Intercept,1.7417550366432542,a,42
421,"a_C(type, Treatment('prototype'))[T.exception]",0.08056922374175965,a,42
422,"a_C(type, Treatment('prototype'))[T.rule follower]",0.04308350515952234,a,42
423,a_roi42,-0.8664886240925319,a,42
424,"a_roi42:C(type, Treatment('prototype'))[T.exception]",0.07935232172597884,a,42
425,"a_roi42:C(type, Treatment('prototype'))[T.rule follower]",-0.1010270188274649,a,42
426,t_Intercept,0.35483614699489524,t,42
427,"t_C(type, Treatment('prototype'))[T.exception]",0.016176301044864803,t,42
428,"t_C(type, Treatment('prototype'))[T.rule follower]",0.02949934436341605,t,42
429,t_roi42,0.004723897306556535,t,42
430,"t_roi42:C(type, Treatment('prototype'))[T.exception]",-0.04730736487661796,t,42
431,"t_roi42:C(type, Treatment('prototype'))[T.rule follower]",0.03012931130138635,t,42
432,v_Intercept,0.07196891650474825,v,43
433,"v_C(type, Treatment('prototype'))[T.exception]",0.02562533076927273,v,43
434,"v_C(type, Treatment('prototype'))[T.rule follower]",-0.038464207857358435,v,43
435,v_roi43,0.3415212991854346,v,43
436,"v_roi43:C(type, Treatment('prototype'))[T.exception]",-0.9723932256374472,v,43
437,"v_roi43:C(type, Treatment('prototype'))[T.rule follower]",0.1426241352690888,v,43
438,a_Intercept,1.7166297040022391,a,43
439,"a_C(type, Treatment('prototype'))[T.exception]",0.11456164858717476,a,43
440,"a_C(type, Treatment('prototype'))[T.rule follower]",0.06183639758871089,a,43
441,a_roi43,-0.8851760550549477,a,43
442,"a_roi43:C(type, Treatment('prototype'))[T.exception]",-0.04071955598972865,a,43
443,"a_roi43:C(type, Treatment('prototype'))[T.rule follower]",0.06216884355261796,a,43
444,t_Intercept,0.3611709360677422,t,43
445,"t_C(type, Treatment('prototype'))[T.exception]",0.014044058416110505,t,43
446,"t_C(type, Treatment('prototype'))[T.rule follower]",0.025178311572501645,t,43
447,t_roi43,0.13115406796163004,t,43
448,"t_roi43:C(type, Treatment('prototype'))[T.exception]",0.031042202018149057,t,43
449,"t_roi43:C(type, Treatment('prototype'))[T.rule follower]",-0.07070587460684996,t,43
450,v_Intercept,0.09754646959116986,v,44
451,"v_C(type, Treatment('prototype'))[T.exception]",0.007019125425333839,v,44
452,"v_C(type, Treatment('prototype'))[T.rule follower]",-0.02889502891263176,v,44
453,v_roi44,0.6133382015512419,v,44
454,"v_roi44:C(type, Treatment('prototype'))[T.exception]",-0.7773859061134598,v,44
455,"v_roi44:C(type, Treatment('prototype'))[T.rule follower]",-0.055842605594470296,v,44
456,a_Intercept,1.7157178471825123,a,44
457,"a_C(type, Treatment('prototype'))[T.exception]",0.0445653045126585,a,44
458,"a_C(type, Treatment('prototype'))[T.rule follower]",0.01228553026262244,a,44
459,a_roi44,-1.0193826481376809,a,44
460,"a_roi44:C(type, Treatment('prototype'))[T.exception]",-0.26688009876027485,a,44
461,"a_roi44:C(type, Treatment('prototype'))[T.rule follower]",-0.3747308465035695,a,44
462,t_Intercept,0.3587918144552082,t,44
463,"t_C(type, Treatment('prototype'))[T.exception]",0.04249122542984818,t,44
464,"t_C(type, Treatment('prototype'))[T.rule follower]",0.03605276754972113,t,44
465,t_roi44,0.0633615876140882,t,44
466,"t_roi44:C(type, Treatment('prototype'))[T.exception]",0.26651384185270577,t,44
467,"t_roi44:C(type, Treatment('prototype'))[T.rule follower]",0.04457947929217127,t,44
468,v_Intercept,0.08868259527400707,v,48
469,"v_C(type, Treatment('prototype'))[T.exception]",0.030327738468016674,v,48
470,"v_C(type, Treatment('prototype'))[T.rule follower]",-0.054636873843768224,v,48
471,v_roi48,0.8178493049612205,v,48
472,"v_roi48:C(type, Treatment('prototype'))[T.exception]",-1.336324837778769,v,48
473,"v_roi48:C(type, Treatment('prototype'))[T.rule follower]",0.1682195480092099,v,48
474,a_Intercept,1.7224390413302983,a,48
475,"a_C(type, Treatment('prototype'))[T.exception]",0.13491484820640146,a,48
476,"a_C(type, Treatment('prototype'))[T.rule follower]",0.06447907740331618,a,48
477,a_roi48,-1.020183019417137,a,48
478,"a_roi48:C(type, Treatment('prototype'))[T.exception]",0.0030896601810130875,a,48
479,"a_roi48:C(type, Treatment('prototype'))[T.rule follower]",-0.09258260017622688,a,48
480,t_Intercept,0.3730722127197461,t,48
481,"t_C(type, Treatment('prototype'))[T.exception]",-0.0015507847531620186,t,48
482,"t_C(type, Treatment('prototype'))[T.rule follower]",0.012898898152106042,t,48
483,t_roi48,0.17903314425919836,t,48
484,"t_roi48:C(type, Treatment('prototype'))[T.exception]",-0.00787915203540468,t,48
485,"t_roi48:C(type, Treatment('prototype'))[T.rule follower]",-0.1602183527954298,t,48
486,v_Intercept,0.07262061883973125,v,51
487,"v_C(type, Treatment('prototype'))[T.exception]",0.16688991088497826,v,51
488,"v_C(type, Treatment('prototype'))[T.rule follower]",-0.10545709612471199,v,51
489,v_roi51,-0.2625124436414734,v,51
490,"v_roi51:C(type, Treatment('prototype'))[T.exception]",-0.2859697946290183,v,51
491,"v_roi51:C(type, Treatment('prototype'))[T.rule follower]",0.2996315668852165,v,51
492,a_Intercept,1.6091837295813525,a,51
493,"a_C(type, Treatment('prototype'))[T.exception]",0.06474001703869645,a,51
494,"a_C(type, Treatment('prototype'))[T.rule follower]",0.06885833812442849,a,51
495,a_roi51,1.3420319323030048,a,51
496,"a_roi51:C(type, Treatment('prototype'))[T.exception]",0.1534580744220202,a,51
497,"a_roi51:C(type, Treatment('prototype'))[T.rule follower]",-0.21994842141563886,a,51
498,t_Intercept,0.3656772301556249,t,51
499,"t_C(type, Treatment('prototype'))[T.exception]",0.03095574407707952,t,51
500,"t_C(type, Treatment('prototype'))[T.rule follower]",0.027259049298340998,t,51
501,t_roi51,-0.10346635563845527,t,51
502,"t_roi51:C(type, Treatment('prototype'))[T.exception]",-0.15053609291679734,t,51
503,"t_roi51:C(type, Treatment('prototype'))[T.rule follower]",-0.020788731166220764,t,51
504,v_Intercept,0.10848748114663108,v,52
505,"v_C(type, Treatment('prototype'))[T.exception]",0.19619133742355405,v,52
506,"v_C(type, Treatment('prototype'))[T.rule follower]",-0.0920103762073466,v,52
507,v_roi52,-0.2268300431335626,v,52
508,"v_roi52:C(type, Treatment('prototype'))[T.exception]",-0.2207463804723161,v,52
509,"v_roi52:C(type, Treatment('prototype'))[T.rule follower]",0.1412799528309091,v,52
510,a_Intercept,1.5724423893370147,a,52
511,"a_C(type, Treatment('prototype'))[T.exception]",0.25550826813835537,a,52
512,"a_C(type, Treatment('prototype'))[T.rule follower]",0.07111868323132764,a,52
513,a_roi52,0.6101685022339325,a,52
514,"a_roi52:C(type, Treatment('prototype'))[T.exception]",-0.4696468273944564,a,52
515,"a_roi52:C(type, Treatment('prototype'))[T.rule follower]",-0.139045178684851,a,52
516,t_Intercept,0.38112469869430776,t,52
517,"t_C(type, Treatment('prototype'))[T.exception]",-0.014419880750916741,t,52
518,"t_C(type, Treatment('prototype'))[T.rule follower]",0.005266451688911322,t,52
519,t_roi52,-0.09020347461527324,t,52
520,"t_roi52:C(type, Treatment('prototype'))[T.exception]",0.09068296129350427,t,52
521,"t_roi52:C(type, Treatment('prototype'))[T.rule follower]",0.09393423250104907,t,52
522,v_Intercept,0.033279117231138244,v,53
523,"v_C(type, Treatment('prototype'))[T.exception]",0.2319722315845983,v,53
524,"v_C(type, Treatment('prototype'))[T.rule follower]",-0.11294470237900185,v,53
525,v_roi53,0.0053757902055141535,v,53
526,"v_roi53:C(type, Treatment('prototype'))[T.exception]",-0.8199922494377742,v,53
527,"v_roi53:C(type, Treatment('prototype'))[T.rule follower]",0.32624369430518163,v,53
528,a_Intercept,1.6389541374215195,a,53
529,"a_C(type, Treatment('prototype'))[T.exception]",0.10702818328565923,a,53
530,"a_C(type, Treatment('prototype'))[T.rule follower]",0.055715077564108484,a,53
531,a_roi53,0.9638818344524084,a,53
532,"a_roi53:C(type, Treatment('prototype'))[T.exception]",-0.08694496612049496,a,53
533,"a_roi53:C(type, Treatment('prototype'))[T.rule follower]",-0.04302017343502251,a,53
534,t_Intercept,0.3637903821428406,t,53
535,"t_C(type, Treatment('prototype'))[T.exception]",0.01308912561210731,t,53
536,"t_C(type, Treatment('prototype'))[T.rule follower]",0.025207072435474855,t,53
537,t_roi53,-0.004856052126439636,t,53
538,"t_roi53:C(type, Treatment('prototype'))[T.exception]",-0.004783471038608211,t,53
539,"t_roi53:C(type, Treatment('prototype'))[T.rule follower]",0.002801499963152209,t,53
540,v_Intercept,0.03708656542045982,v,60
541,"v_C(type, Treatment('prototype'))[T.exception]",0.09619249540775117,v,60
542,"v_C(type, Treatment('prototype'))[T.rule follower]",-0.02946045776763637,v,60
543,v_roi60,-0.07266204472528147,v,60
544,"v_roi60:C(type, Treatment('prototype'))[T.exception]",-0.18437730183588694,v,60
545,"v_roi60:C(type, Treatment('prototype'))[T.rule follower]",-0.1069115909911964,v,60
546,a_Intercept,1.7347869656824342,a,60
547,"a_C(type, Treatment('prototype'))[T.exception]",0.11386129165841373,a,60
548,"a_C(type, Treatment('prototype'))[T.rule follower]",0.05125836814120927,a,60
549,a_roi60,-0.93336151952264,a,60
550,"a_roi60:C(type, Treatment('prototype'))[T.exception]",0.07017684686305238,a,60
551,"a_roi60:C(type, Treatment('prototype'))[T.rule follower]",-0.11763094195185307,a,60
552,t_Intercept,0.3625893624419712,t,60
553,"t_C(type, Treatment('prototype'))[T.exception]",0.004317492496654578,t,60
554,"t_C(type, Treatment('prototype'))[T.rule follower]",0.02290324110631088,t,60
555,t_roi60,0.2292979213888994,t,60
556,"t_roi60:C(type, Treatment('prototype'))[T.exception]",-0.060454187258345275,t,60
557,"t_roi60:C(type, Treatment('prototype'))[T.rule follower]",-0.1006103777124111,t,60
558,v_Intercept,0.055982464250841364,v,61
559,"v_C(type, Treatment('prototype'))[T.exception]",0.11102554497544356,v,61
560,"v_C(type, Treatment('prototype'))[T.rule follower]",-0.0859939524329818,v,61
561,v_roi61,-0.03884159508770702,v,61
562,"v_roi61:C(type, Treatment('prototype'))[T.exception]",0.4112266661067903,v,61
563,"v_roi61:C(type, Treatment('prototype'))[T.rule follower]",-0.6456967830483435,v,61
564,a_Intercept,1.72095232653014,a,61
565,"a_C(type, Treatment('prototype'))[T.exception]",0.08651737068236343,a,61
566,"a_C(type, Treatment('prototype'))[T.rule follower]",0.02930314089861347,a,61
567,a_roi61,-0.9085084782728748,a,61
568,"a_roi61:C(type, Treatment('prototype'))[T.exception]",-0.2344959695972515,a,61
569,"a_roi61:C(type, Treatment('prototype'))[T.rule follower]",-0.1432285172406993,a,61
570,t_Intercept,0.35305921815149954,t,61
571,"t_C(type, Treatment('prototype'))[T.exception]",0.020944647972005542,t,61
572,"t_C(type, Treatment('prototype'))[T.rule follower]",0.029286999088345325,t,61
573,t_roi61,-0.11721258616690505,t,61
574,"t_roi61:C(type, Treatment('prototype'))[T.exception]",0.24271377483812584,t,61
575,"t_roi61:C(type, Treatment('prototype'))[T.rule follower]",0.004224947029149662,t,61
576,v_Intercept,0.03342596047806705,v,65
577,"v_C(type, Treatment('prototype'))[T.exception]",0.10911383596708828,v,65
578,"v_C(type, Treatment('prototype'))[T.rule follower]",-0.04072666486150284,v,65
579,v_roi65,-0.03897159020777352,v,65
580,"v_roi65:C(type, Treatment('prototype'))[T.exception]",-0.27113942692716275,v,65
581,"v_roi65:C(type, Treatment('prototype'))[T.rule follower]",-0.2609256266112916,v,65
582,a_Intercept,1.6791077046541258,a,65
583,"a_C(type, Treatment('prototype'))[T.exception]",0.14837744285108634,a,65
584,"a_C(type, Treatment('prototype'))[T.rule follower]",0.03592100546298549,a,65
585,a_roi65,1.3467718846454957,a,65
586,"a_roi65:C(type, Treatment('prototype'))[T.exception]",-0.5217333257301351,a,65
587,"a_roi65:C(type, Treatment('prototype'))[T.rule follower]",0.13893571387124104,a,65
588,t_Intercept,0.3623049518029126,t,65
589,"t_C(type, Treatment('prototype'))[T.exception]",-0.005747119555940525,t,65
590,"t_C(type, Treatment('prototype'))[T.rule follower]",0.014617477655273575,t,65
591,t_roi65,-0.16296380556819634,t,65
592,"t_roi65:C(type, Treatment('prototype'))[T.exception]",0.2393856596118425,t,65
593,"t_roi65:C(type, Treatment('prototype'))[T.rule follower]",0.13647791943152132,t,65
594,v_Intercept,0.026642583490580185,v,67
595,"v_C(type, Treatment('prototype'))[T.exception]",0.14388077948554429,v,67
596,"v_C(type, Treatment('prototype'))[T.rule follower]",-0.0400389202807947,v,67
597,v_roi67,0.0901355613629724,v,67
598,"v_roi67:C(type, Treatment('prototype'))[T.exception]",-0.26943697018079793,v,67
599,"v_roi67:C(type, Treatment('prototype'))[T.rule follower]",-0.20698849150229906,v,67
600,a_Intercept,1.6677207568496373,a,67
601,"a_C(type, Treatment('prototype'))[T.exception]",0.08399288349431097,a,67
602,"a_C(type, Treatment('prototype'))[T.rule follower]",0.021439464848461376,a,67
603,a_roi67,1.2594545841686424,a,67
604,"a_roi67:C(type, Treatment('prototype'))[T.exception]",0.120601934287782,a,67
605,"a_roi67:C(type, Treatment('prototype'))[T.rule follower]",0.25260591478772043,a,67
606,t_Intercept,0.3645355340808009,t,67
607,"t_C(type, Treatment('prototype'))[T.exception]",0.028554723475184562,t,67
608,"t_C(type, Treatment('prototype'))[T.rule follower]",0.027879735840417662,t,67
609,t_roi67,-0.12452880222584092,t,67
610,"t_roi67:C(type, Treatment('prototype'))[T.exception]",-0.091697437728556,t,67
611,"t_roi67:C(type, Treatment('prototype'))[T.rule follower]",0.0710942805505709,t,67
612,v_Intercept,0.049119943952572576,v,68
613,"v_C(type, Treatment('prototype'))[T.exception]",0.08444199083519979,v,68
614,"v_C(type, Treatment('prototype'))[T.rule follower]",-0.029939986015389112,v,68
615,v_roi68,-0.18993210392719584,v,68
616,"v_roi68:C(type, Treatment('prototype'))[T.exception]",0.25855307663992605,v,68
617,"v_roi68:C(type, Treatment('prototype'))[T.rule follower]",-0.5068354898467371,v,68
618,a_Intercept,1.783411291224736,a,68
619,"a_C(type, Treatment('prototype'))[T.exception]",0.11089931099403733,a,68
620,"a_C(type, Treatment('prototype'))[T.rule follower]",0.06048957196085593,a,68
621,a_roi68,0.9693802612027618,a,68
622,"a_roi68:C(type, Treatment('prototype'))[T.exception]",-0.42725979866201147,a,68
623,"a_roi68:C(type, Treatment('prototype'))[T.rule follower]",-0.19830820421635176,a,68
624,t_Intercept,0.3516883616469262,t,68
625,"t_C(type, Treatment('prototype'))[T.exception]",0.014827143428100369,t,68
626,"t_C(type, Treatment('prototype'))[T.rule follower]",0.031833530693706084,t,68
627,t_roi68,-0.18160153546057609,t,68
628,"t_roi68:C(type, Treatment('prototype'))[T.exception]",0.13034462563667615,t,68
629,"t_roi68:C(type, Treatment('prototype'))[T.rule follower]",0.14509913108047925,t,68
630,v_Intercept,0.0413862497356841,v,70
631,"v_C(type, Treatment('prototype'))[T.exception]",0.09960534152134053,v,70
632,"v_C(type, Treatment('prototype'))[T.rule follower]",-0.06290747307729272,v,70
633,v_roi70,0.055246527157769336,v,70
634,"v_roi70:C(type, Treatment('prototype'))[T.exception]",0.12333023739724693,v,70
635,"v_roi70:C(type, Treatment('prototype'))[T.rule follower]",-0.8847427095590978,v,70
636,a_Intercept,1.8000156207773532,a,70
637,"a_C(type, Treatment('prototype'))[T.exception]",0.07875279621337772,a,70
638,"a_C(type, Treatment('prototype'))[T.rule follower]",0.04993489842331339,a,70
639,a_roi70,1.3872029844412532,a,70
640,"a_roi70:C(type, Treatment('prototype'))[T.exception]",-0.5564927275667679,a,70
641,"a_roi70:C(type, Treatment('prototype'))[T.rule follower]",0.09559429880638826,a,70
642,t_Intercept,0.3518528458227349,t,70
643,"t_C(type, Treatment('prototype'))[T.exception]",0.011199827300027209,t,70
644,"t_C(type, Treatment('prototype'))[T.rule follower]",0.02904402457743935,t,70
645,t_roi70,-0.06109751053530332,t,70
646,"t_roi70:C(type, Treatment('prototype'))[T.exception]",-0.13816672809717126,t,70
647,"t_roi70:C(type, Treatment('prototype'))[T.rule follower]",0.05278201369789859,t,70
648,v_Intercept,0.03679977285628183,v,74
649,"v_C(type, Treatment('prototype'))[T.exception]",0.11499660207143607,v,74
650,"v_C(type, Treatment('prototype'))[T.rule follower]",-0.054241116042603316,v,74
651,v_roi74,-0.6848666053699255,v,74
652,"v_roi74:C(type, Treatment('prototype'))[T.exception]",0.1808886056766368,v,74
653,"v_roi74:C(type, Treatment('prototype'))[T.rule follower]",0.5458463965518108,v,74
654,a_Intercept,1.8071849591263969,a,74
655,"a_C(type, Treatment('prototype'))[T.exception]",0.09343169838245867,a,74
656,"a_C(type, Treatment('prototype'))[T.rule follower]",0.06260015036576003,a,74
657,a_roi74,1.0271580829267415,a,74
658,"a_roi74:C(type, Treatment('prototype'))[T.exception]",0.05702294419421405,a,74
659,"a_roi74:C(type, Treatment('prototype'))[T.rule follower]",0.07612744305114627,a,74
660,t_Intercept,0.3600988517933561,t,74
661,"t_C(type, Treatment('prototype'))[T.exception]",-0.00027817026345439144,t,74
662,"t_C(type, Treatment('prototype'))[T.rule follower]",0.02235211431978293,t,74
663,t_roi74,0.2384562663201317,t,74
664,"t_roi74:C(type, Treatment('prototype'))[T.exception]",-0.4988376810355321,t,74
665,"t_roi74:C(type, Treatment('prototype'))[T.rule follower]",-0.13070807128139167,t,74
666,v_Intercept,0.03844832642302805,v,77
667,"v_C(type, Treatment('prototype'))[T.exception]",0.09108475468551992,v,77
668,"v_C(type, Treatment('prototype'))[T.rule follower]",-0.054866709117048745,v,77
669,v_roi77,-0.4958622991738166,v,77
670,"v_roi77:C(type, Treatment('prototype'))[T.exception]",0.007462408521595076,v,77
671,"v_roi77:C(type, Treatment('prototype'))[T.rule follower]",0.526437138047984,v,77
672,a_Intercept,1.7878903301681577,a,77
673,"a_C(type, Treatment('prototype'))[T.exception]",0.0830962056699468,a,77
674,"a_C(type, Treatment('prototype'))[T.rule follower]",0.03217638473253673,a,77
675,a_roi77,1.4501183756592797,a,77
676,"a_roi77:C(type, Treatment('prototype'))[T.exception]",-0.5282640345886311,a,77
677,"a_roi77:C(type, Treatment('prototype'))[T.rule follower]",0.19235322399322197,a,77
678,t_Intercept,0.34544681442135,t,77
679,"t_C(type, Treatment('prototype'))[T.exception]",0.01078995098000126,t,77
680,"t_C(type, Treatment('prototype'))[T.rule follower]",0.03457847285100567,t,77
681,t_roi77,-0.1707400361902911,t,77
682,"t_roi77:C(type, Treatment('prototype'))[T.exception]",-0.047957582373269865,t,77
683,"t_roi77:C(type, Treatment('prototype'))[T.rule follower]",0.10765330596904782,t,77
684,v_Intercept,0.0455902995112443,v,78
685,"v_C(type, Treatment('prototype'))[T.exception]",0.07716681145358845,v,78
686,"v_C(type, Treatment('prototype'))[T.rule follower]",-0.046221734111988544,v,78
687,v_roi78,0.468085671725931,v,78
688,"v_roi78:C(type, Treatment('prototype'))[T.exception]",-1.0394826691551715,v,78
689,"v_roi78:C(type, Treatment('prototype'))[T.rule follower]",0.16296996067837188,v,78
690,a_Intercept,1.755813219329356,a,78
691,"a_C(type, Treatment('prototype'))[T.exception]",0.10586298952722507,a,78
692,"a_C(type, Treatment('prototype'))[T.rule follower]",0.062111451641971564,a,78
693,a_roi78,-1.6701337320170395,a,78
694,"a_roi78:C(type, Treatment('prototype'))[T.exception]",0.03834282158380553,a,78
695,"a_roi78:C(type, Treatment('prototype'))[T.rule follower]",0.2642744457074349,a,78
696,t_Intercept,0.3533153192408101,t,78
697,"t_C(type, Treatment('prototype'))[T.exception]",0.011742415718804258,t,78
698,"t_C(type, Treatment('prototype'))[T.rule follower]",0.020351211237953026,t,78
699,t_roi78,0.03970935944025422,t,78
700,"t_roi78:C(type, Treatment('prototype'))[T.exception]",-0.208152392429702,t,78
701,"t_roi78:C(type, Treatment('prototype'))[T.rule follower]",-0.1993845579582174,t,78
702,v_Intercept,0.05333684184401667,v,79
703,"v_C(type, Treatment('prototype'))[T.exception]",0.09263440420216518,v,79
704,"v_C(type, Treatment('prototype'))[T.rule follower]",0.0006653652898458706,v,79
705,v_roi79,0.31947855505724965,v,79
706,"v_roi79:C(type, Treatment('prototype'))[T.exception]",-0.7084560070988077,v,79
707,"v_roi79:C(type, Treatment('prototype'))[T.rule follower]",2.5400553326831536,v,79
708,a_Intercept,1.7159752482634605,a,79
709,"a_C(type, Treatment('prototype'))[T.exception]",0.12058672842866675,a,79
710,"a_C(type, Treatment('prototype'))[T.rule follower]",0.027829751599636958,a,79
711,a_roi79,-3.5457287108866966,a,79
712,"a_roi79:C(type, Treatment('prototype'))[T.exception]",0.8339639811516961,a,79
713,"a_roi79:C(type, Treatment('prototype'))[T.rule follower]",-1.7090361314093259,a,79
714,t_Intercept,0.3599528368363389,t,79
715,"t_C(type, Treatment('prototype'))[T.exception]",0.012992467859608572,t,79
716,"t_C(type, Treatment('prototype'))[T.rule follower]",0.027889988247057903,t,79
717,t_roi79,0.4743389108976698,t,79
718,"t_roi79:C(type, Treatment('prototype'))[T.exception]",0.032499000379862863,t,79
719,"t_roi79:C(type, Treatment('prototype'))[T.rule follower]",-0.013482097532324657,t,79
720,v_Intercept,0.05262787533224656,v,80
721,"v_C(type, Treatment('prototype'))[T.exception]",0.07169408290684498,v,80
722,"v_C(type, Treatment('prototype'))[T.rule follower]",-0.03846925024038511,v,80
723,v_roi80,-0.1970027847908261,v,80
724,"v_roi80:C(type, Treatment('prototype'))[T.exception]",-0.009548555484962584,v,80
725,"v_roi80:C(type, Treatment('prototype'))[T.rule follower]",-0.1856382088226256,v,80
726,a_Intercept,1.6957378076956582,a,80
727,"a_C(type, Treatment('prototype'))[T.exception]",0.11148229700977663,a,80
728,"a_C(type, Treatment('prototype'))[T.rule follower]",0.01868858368824964,a,80
729,a_roi80,1.263345903395524,a,80
730,"a_roi80:C(type, Treatment('prototype'))[T.exception]",-0.4027539082829299,a,80
731,"a_roi80:C(type, Treatment('prototype'))[T.rule follower]",0.416412675255142,a,80
732,t_Intercept,0.3684735395843069,t,80
733,"t_C(type, Treatment('prototype'))[T.exception]",0.003997722567374629,t,80
734,"t_C(type, Treatment('prototype'))[T.rule follower]",0.02801987249609189,t,80
735,t_roi80,-0.19183615295905826,t,80
736,"t_roi80:C(type, Treatment('prototype'))[T.exception]",0.06703227373462099,t,80
737,"t_roi80:C(type, Treatment('prototype'))[T.rule follower]",0.036463737637582094,t,80
738,v_Intercept,0.03883199355754305,v,81
739,"v_C(type, Treatment('prototype'))[T.exception]",0.0991303847114948,v,81
740,"v_C(type, Treatment('prototype'))[T.rule follower]",-0.03279252477013442,v,81
741,v_roi81,-0.08643434674124117,v,81
742,"v_roi81:C(type, Treatment('prototype'))[T.exception]",-0.6699209699639388,v,81
743,"v_roi81:C(type, Treatment('prototype'))[T.rule follower]",-0.7858694122056944,v,81
744,a_Intercept,1.7673090070183142,a,81
745,"a_C(type, Treatment('prototype'))[T.exception]",0.10801115563394613,a,81
746,"a_C(type, Treatment('prototype'))[T.rule follower]",0.06432850896585274,a,81
747,a_roi81,0.5838561735619219,a,81
748,"a_roi81:C(type, Treatment('prototype'))[T.exception]",-0.5688248049614899,a,81
749,"a_roi81:C(type, Treatment('prototype'))[T.rule follower]",0.4210763159527557,a,81
750,t_Intercept,0.3651870746572229,t,81
751,"t_C(type, Treatment('prototype'))[T.exception]",0.003086867629154597,t,81
752,"t_C(type, Treatment('prototype'))[T.rule follower]",0.018098945914079297,t,81
753,t_roi81,-0.18736223829495247,t,81
754,"t_roi81:C(type, Treatment('prototype'))[T.exception]",0.06313802890073522,t,81
755,"t_roi81:C(type, Treatment('prototype'))[T.rule follower]",0.0956291548772888,t,81
756,v_Intercept,0.055570984717589006,v,82
757,"v_C(type, Treatment('prototype'))[T.exception]",0.06562335199452429,v,82
758,"v_C(type, Treatment('prototype'))[T.rule follower]",-0.06316337438169173,v,82
759,v_roi82,-0.5853204511624743,v,82
760,"v_roi82:C(type, Treatment('prototype'))[T.exception]",1.076347138478164,v,82
761,"v_roi82:C(type, Treatment('prototype'))[T.rule follower]",-0.0970663282787496,v,82
762,a_Intercept,1.7745367284279918,a,82
763,"a_C(type, Treatment('prototype'))[T.exception]",0.09162854017180576,a,82
764,"a_C(type, Treatment('prototype'))[T.rule follower]",0.018534035863972648,a,82
765,a_roi82,1.1569418423819755,a,82
766,"a_roi82:C(type, Treatment('prototype'))[T.exception]",0.10367860556041776,a,82
767,"a_roi82:C(type, Treatment('prototype'))[T.rule follower]",0.21113790539363567,a,82
768,t_Intercept,0.355122447788958,t,82
769,"t_C(type, Treatment('prototype'))[T.exception]",0.013979199361520804,t,82
770,"t_C(type, Treatment('prototype'))[T.rule follower]",0.0338865719300344,t,82
771,t_roi82,0.09895109295354376,t,82
772,"t_roi82:C(type, Treatment('prototype'))[T.exception]",-0.298802707130487,t,82
773,"t_roi82:C(type, Treatment('prototype'))[T.rule follower]",-0.07292846508375267,t,82
774,v_Intercept,0.08287267813235362,v,83
775,"v_C(type, Treatment('prototype'))[T.exception]",0.04724617304136109,v,83
776,"v_C(type, Treatment('prototype'))[T.rule follower]",-0.02962395405655246,v,83
777,v_roi83,0.6434559500042175,v,83
778,"v_roi83:C(type, Treatment('prototype'))[T.exception]",-1.3671953801704388,v,83
779,"v_roi83:C(type, Treatment('prototype'))[T.rule follower]",0.4638215737603098,v,83
780,a_Intercept,1.7246063564671343,a,83
781,"a_C(type, Treatment('prototype'))[T.exception]",0.08433911549841319,a,83
782,"a_C(type, Treatment('prototype'))[T.rule follower]",0.06479697612624416,a,83
783,a_roi83,-1.7218683775726598,a,83
784,"a_roi83:C(type, Treatment('prototype'))[T.exception]",-0.5785035198273993,a,83
785,"a_roi83:C(type, Treatment('prototype'))[T.rule follower]",0.4010813891621388,a,83
786,t_Intercept,0.3607975690807378,t,83
787,"t_C(type, Treatment('prototype'))[T.exception]",0.012970581598774684,t,83
788,"t_C(type, Treatment('prototype'))[T.rule follower]",0.02415111202245044,t,83
789,t_roi83,0.1390161790189021,t,83
790,"t_roi83:C(type, Treatment('prototype'))[T.exception]",0.04551050368038634,t,83
791,"t_roi83:C(type, Treatment('prototype'))[T.rule follower]",-0.2298108358014451,t,83
792,v_Intercept,0.05208434578532106,v,88
793,"v_C(type, Treatment('prototype'))[T.exception]",0.10686370134450912,v,88
794,"v_C(type, Treatment('prototype'))[T.rule follower]",-0.054433904991282256,v,88
795,v_roi88,-0.6071593935661915,v,88
796,"v_roi88:C(type, Treatment('prototype'))[T.exception]",0.6649692988305369,v,88
797,"v_roi88:C(type, Treatment('prototype'))[T.rule follower]",0.7252280896106941,v,88
798,a_Intercept,1.7797039333822204,a,88
799,"a_C(type, Treatment('prototype'))[T.exception]",0.09226253251770984,a,88
800,"a_C(type, Treatment('prototype'))[T.rule follower]",0.01523355452377864,a,88
801,a_roi88,1.140814622466365,a,88
802,"a_roi88:C(type, Treatment('prototype'))[T.exception]",-0.5110788586452326,a,88
803,"a_roi88:C(type, Treatment('prototype'))[T.rule follower]",0.37512821916701866,a,88
804,t_Intercept,0.3544851240501111,t,88
805,"t_C(type, Treatment('prototype'))[T.exception]",0.002988225136042459,t,88
806,"t_C(type, Treatment('prototype'))[T.rule follower]",0.0335373365952304,t,88
807,t_roi88,-0.08803979395111894,t,88
808,"t_roi88:C(type, Treatment('prototype'))[T.exception]",0.02286539663314241,t,88
809,"t_roi88:C(type, Treatment('prototype'))[T.rule follower]",0.012182224096644462,t,88
810,v_Intercept,0.06374689693455317,v,90
811,"v_C(type, Treatment('prototype'))[T.exception]",0.06169299374628062,v,90
812,"v_C(type, Treatment('prototype'))[T.rule follower]",-0.040138122103997136,v,90
813,v_roi90,0.17148057823524132,v,90
814,"v_roi90:C(type, Treatment('prototype'))[T.exception]",-0.3923360965677611,v,90
815,"v_roi90:C(type, Treatment('prototype'))[T.rule follower]",0.2664628856357396,v,90
816,a_Intercept,1.7579520399006268,a,90
817,"a_C(type, Treatment('prototype'))[T.exception]",0.07029517400427326,a,90
818,"a_C(type, Treatment('prototype'))[T.rule follower]",0.01946603500126537,a,90
819,a_roi90,-0.7522487108244501,a,90
820,"a_roi90:C(type, Treatment('prototype'))[T.exception]",-0.7614965141119461,a,90
821,"a_roi90:C(type, Treatment('prototype'))[T.rule follower]",-0.71811535178875,a,90
822,t_Intercept,0.3540786009599581,t,90
823,"t_C(type, Treatment('prototype'))[T.exception]",0.00991283832666251,t,90
824,"t_C(type, Treatment('prototype'))[T.rule follower]",0.0250673933332115,t,90
825,t_roi90,0.2336228652734024,t,90
826,"t_roi90:C(type, Treatment('prototype'))[T.exception]",-0.029278076443953638,t,90
827,"t_roi90:C(type, Treatment('prototype'))[T.rule follower]",0.0068236441989508725,t,90
828,v_Intercept,0.05560021743583042,v,91
829,"v_C(type, Treatment('prototype'))[T.exception]",0.05613816182072101,v,91
830,"v_C(type, Treatment('prototype'))[T.rule follower]",0.00710928817994344,v,91
831,v_roi91,0.2289780782707925,v,91
832,"v_roi91:C(type, Treatment('prototype'))[T.exception]",-0.977419757858354,v,91
833,"v_roi91:C(type, Treatment('prototype'))[T.rule follower]",1.0648840782703348,v,91
834,a_Intercept,1.7414500940690316,a,91
835,"a_C(type, Treatment('prototype'))[T.exception]",0.06832538420543348,a,91
836,"a_C(type, Treatment('prototype'))[T.rule follower]",0.04163560722004658,a,91
837,a_roi91,-0.7004527250552901,a,91
838,"a_roi91:C(type, Treatment('prototype'))[T.exception]",-0.6179478811249788,a,91
839,"a_roi91:C(type, Treatment('prototype'))[T.rule follower]",-0.6794565262359491,a,91
840,t_Intercept,0.3586305461567893,t,91
841,"t_C(type, Treatment('prototype'))[T.exception]",0.0180064553153515,t,91
842,"t_C(type, Treatment('prototype'))[T.rule follower]",0.028176558148295706,t,91
843,t_roi91,0.13616638814389392,t,91
844,"t_roi91:C(type, Treatment('prototype'))[T.exception]",0.1566928092390517,t,91
845,"t_roi91:C(type, Treatment('prototype'))[T.rule follower]",0.032228572333426415,t,91
846,v_Intercept,0.08775931385419891,v,92
847,"v_C(type, Treatment('prototype'))[T.exception]",0.1069912708440924,v,92
848,"v_C(type, Treatment('prototype'))[T.rule follower]",-0.04249422027157404,v,92
849,v_roi92,0.7104479468319429,v,92
850,"v_roi92:C(type, Treatment('prototype'))[T.exception]",0.13043311549272696,v,92
851,"v_roi92:C(type, Treatment('prototype'))[T.rule follower]",-0.12612945594752234,v,92
852,a_Intercept,1.71084891624128,a,92
853,"a_C(type, Treatment('prototype'))[T.exception]",0.042178750555285416,a,92
854,"a_C(type, Treatment('prototype'))[T.rule follower]",-0.04598292176808401,a,92
855,a_roi92,-1.3345468545295869,a,92
856,"a_roi92:C(type, Treatment('prototype'))[T.exception]",-0.08303497679295835,a,92
857,"a_roi92:C(type, Treatment('prototype'))[T.rule follower]",-1.1568305219772397,a,92
858,t_Intercept,0.36630834512681903,t,92
859,"t_C(type, Treatment('prototype'))[T.exception]",0.04110228866175762,t,92
860,"t_C(type, Treatment('prototype'))[T.rule follower]",0.03958080740695572,t,92
861,t_roi92,0.20682153771198464,t,92
862,"t_roi92:C(type, Treatment('prototype'))[T.exception]",0.153087626234635,t,92
863,"t_roi92:C(type, Treatment('prototype'))[T.rule follower]",-0.08547855486320571,t,92
864,v_Intercept,0.06753562404372428,v,93
865,"v_C(type, Treatment('prototype'))[T.exception]",0.10278918485247933,v,93
866,"v_C(type, Treatment('prototype'))[T.rule follower]",-0.04338919132861607,v,93
867,v_roi93,0.2538116482076095,v,93
868,"v_roi93:C(type, Treatment('prototype'))[T.exception]",0.42267025444874906,v,93
869,"v_roi93:C(type, Treatment('prototype'))[T.rule follower]",0.430521456017146,v,93
870,a_Intercept,1.7384965892470046,a,93
871,"a_C(type, Treatment('prototype'))[T.exception]",0.06383596530252299,a,93
872,"a_C(type, Treatment('prototype'))[T.rule follower]",0.03214479068785493,a,93
873,a_roi93,-0.9026279447847934,a,93
874,"a_roi93:C(type, Treatment('prototype'))[T.exception]",-0.29962009994701644,a,93
875,"a_roi93:C(type, Treatment('prototype'))[T.rule follower]",-0.3437607564887619,a,93
876,t_Intercept,0.35515309469925616,t,93
877,"t_C(type, Treatment('prototype'))[T.exception]",0.031791181812458644,t,93
878,"t_C(type, Treatment('prototype'))[T.rule follower]",0.03195661112825658,t,93
879,t_roi93,0.07133818654613022,t,93
880,"t_roi93:C(type, Treatment('prototype'))[T.exception]",0.2039295362949617,t,93
881,"t_roi93:C(type, Treatment('prototype'))[T.rule follower]",0.07121581925079362,t,93
882,v_Intercept,0.06538198572342407,v,94
883,"v_C(type, Treatment('prototype'))[T.exception]",0.08874500530149315,v,94
884,"v_C(type, Treatment('prototype'))[T.rule follower]",-0.034975293032385724,v,94
885,v_roi94,0.6492186453526005,v,94
886,"v_roi94:C(type, Treatment('prototype'))[T.exception]",-0.059651234701793225,v,94
887,"v_roi94:C(type, Treatment('prototype'))[T.rule follower]",-0.12681410449457653,v,94
888,a_Intercept,1.7550477972579288,a,94
889,"a_C(type, Treatment('prototype'))[T.exception]",0.10040075700984047,a,94
890,"a_C(type, Treatment('prototype'))[T.rule follower]",0.0434869834943309,a,94
891,a_roi94,-0.9337214557045151,a,94
892,"a_roi94:C(type, Treatment('prototype'))[T.exception]",-0.4867219661713045,a,94
893,"a_roi94:C(type, Treatment('prototype'))[T.rule follower]",-0.05472669166829869,a,94
894,t_Intercept,0.3531359264186697,t,94
895,"t_C(type, Treatment('prototype'))[T.exception]",0.010411036723543349,t,94
896,"t_C(type, Treatment('prototype'))[T.rule follower]",0.03327080728547216,t,94
897,t_roi94,0.07427683523690283,t,94
898,"t_roi94:C(type, Treatment('prototype'))[T.exception]",-0.07816670151596583,t,94
899,"t_roi94:C(type, Treatment('prototype'))[T.rule follower]",-0.193111542669432,t,94
900,v_Intercept,0.05708615510145047,v,99
901,"v_C(type, Treatment('prototype'))[T.exception]",0.10412763517335633,v,99
902,"v_C(type, Treatment('prototype'))[T.rule follower]",-0.033705083742011366,v,99
903,v_roi99,-0.06273120458588323,v,99
904,"v_roi99:C(type, Treatment('prototype'))[T.exception]",1.4624923205433231,v,99
905,"v_roi99:C(type, Treatment('prototype'))[T.rule follower]",0.5831766488464556,v,99
906,a_Intercept,1.7408962829528785,a,99
907,"a_C(type, Treatment('prototype'))[T.exception]",0.08504156166436289,a,99
908,"a_C(type, Treatment('prototype'))[T.rule follower]",0.04320805914761039,a,99
909,a_roi99,-0.8918544734134262,a,99
910,"a_roi99:C(type, Treatment('prototype'))[T.exception]",-0.777036973500774,a,99
911,"a_roi99:C(type, Treatment('prototype'))[T.rule follower]",-0.6640306563304366,a,99
912,t_Intercept,0.3545650159340971,t,99
913,"t_C(type, Treatment('prototype'))[T.exception]",0.018113052664976783,t,99
914,"t_C(type, Treatment('prototype'))[T.rule follower]",0.020700316780302173,t,99
915,t_roi99,-0.007402154968493058,t,99
916,"t_roi99:C(type, Treatment('prototype'))[T.exception]",0.07911531077418882,t,99
917,"t_roi99:C(type, Treatment('prototype'))[T.rule follower]",0.2300760403242705,t,99
918,v_Intercept,0.049467528768469916,v,105
919,"v_C(type, Treatment('prototype'))[T.exception]",0.07184970271123836,v,105
920,"v_C(type, Treatment('prototype'))[T.rule follower]",-0.03105270640713753,v,105
921,v_roi105,0.3898064498015321,v,105
922,"v_roi105:C(type, Treatment('prototype'))[T.exception]",-0.3280186425981402,v,105
923,"v_roi105:C(type, Treatment('prototype'))[T.rule follower]",-0.14555321793903175,v,105
924,a_Intercept,1.7519392437513737,a,105
925,"a_C(type, Treatment('prototype'))[T.exception]",0.06912804425512065,a,105
926,"a_C(type, Treatment('prototype'))[T.rule follower]",0.040506182106537884,a,105
927,a_roi105,-1.7740555478852558,a,105
928,"a_roi105:C(type, Treatment('prototype'))[T.exception]",-0.7261265144314795,a,105
929,"a_roi105:C(type, Treatment('prototype'))[T.rule follower]",-0.21766061014176202,a,105
930,t_Intercept,0.3607573972336189,t,105
931,"t_C(type, Treatment('prototype'))[T.exception]",0.018942151420383885,t,105
932,"t_C(type, Treatment('prototype'))[T.rule follower]",0.028044945613274613,t,105
933,t_roi105,0.3454437557183237,t,105
934,"t_roi105:C(type, Treatment('prototype'))[T.exception]",0.10937331173716812,t,105
935,"t_roi105:C(type, Treatment('prototype'))[T.rule follower]",-0.4322650836747507,t,105
936,v_Intercept,0.03313544655521688,v,106
937,"v_C(type, Treatment('prototype'))[T.exception]",0.11180267257145292,v,106
938,"v_C(type, Treatment('prototype'))[T.rule follower]",-0.05390559848434548,v,106
939,v_roi106,-0.5828450286239848,v,106
940,"v_roi106:C(type, Treatment('prototype'))[T.exception]",1.3630212161083062,v,106
941,"v_roi106:C(type, Treatment('prototype'))[T.rule follower]",0.6403743931788726,v,106
942,a_Intercept,1.7510382364279975,a,106
943,"a_C(type, Treatment('prototype'))[T.exception]",0.10088869171484374,a,106
944,"a_C(type, Treatment('prototype'))[T.rule follower]",0.03158777305329037,a,106
945,a_roi106,-1.682654346519731,a,106
946,"a_roi106:C(type, Treatment('prototype'))[T.exception]",-0.014415148722439762,a,106
947,"a_roi106:C(type, Treatment('prototype'))[T.rule follower]",-0.6209688994197651,a,106
948,t_Intercept,0.3640488740768462,t,106
949,"t_C(type, Treatment('prototype'))[T.exception]",0.0072782705123286265,t,106
950,"t_C(type, Treatment('prototype'))[T.rule follower]",0.021664582134352024,t,106
951,t_roi106,0.3325411089496305,t,106
952,"t_roi106:C(type, Treatment('prototype'))[T.exception]",0.03697968867360124,t,106
953,"t_roi106:C(type, Treatment('prototype'))[T.rule follower]",0.17405315299802648,t,106
