,node_name,peak_value,parameter
0,v_Intercept,0.0942728895221298,0
1,"v_C(type, Treatment('prototype'))[T.exception]",0.10376659748367613,1
2,"v_C(type, Treatment('prototype'))[T.rule follower]",-0.043797636545323086,2
3,v_roi1,-0.2621168596166764,3
4,"v_roi1:C(type, Treatment('prototype'))[T.exception]",-0.0015135303713667005,4
5,"v_roi1:C(type, Treatment('prototype'))[T.rule follower]",-0.010860199821195682,5
6,a_Intercept,1.6088610950925168,6
7,"a_C(type, Treatment('prototype'))[T.exception]",0.029987179472467207,7
8,"a_C(type, Treatment('prototype'))[T.rule follower]",0.016325798116928525,8
9,a_roi1,0.8741263902838816,9
10,"a_roi1:C(type, Treatment('prototype'))[T.exception]",0.21527202583820426,1
11,"a_roi1:C(type, Treatment('prototype'))[T.rule follower]",0.07434497854782329,1
12,t_Intercept,0.3774258466211484,1
13,"t_C(type, Treatment('prototype'))[T.exception]",0.020993599181041683,1
14,"t_C(type, Treatment('prototype'))[T.rule follower]",0.019526729054135116,1
15,t_roi1,-0.13606801407223773,1
16,"t_roi1:C(type, Treatment('prototype'))[T.exception]",-0.03039776872139472,1
17,"t_roi1:C(type, Treatment('prototype'))[T.rule follower]",0.04186821758808978,1
0,v_Intercept,0.07016061953126199,0
1,"v_C(type, Treatment('prototype'))[T.exception]",0.10500883693106487,1
2,"v_C(type, Treatment('prototype'))[T.rule follower]",-0.053442815598071625,2
3,v_roi2,-0.07182356989193528,3
4,"v_roi2:C(type, Treatment('prototype'))[T.exception]",-0.08044753371161317,4
5,"v_roi2:C(type, Treatment('prototype'))[T.rule follower]",0.03364039039793565,5
6,a_Intercept,1.564375910215979,6
7,"a_C(type, Treatment('prototype'))[T.exception]",0.0853756765791073,7
8,"a_C(type, Treatment('prototype'))[T.rule follower]",0.026595179732503416,8
9,a_roi2,0.5924059178172479,9
10,"a_roi2:C(type, Treatment('prototype'))[T.exception]",-0.182627940191747,1
11,"a_roi2:C(type, Treatment('prototype'))[T.rule follower]",0.04472331425582854,1
12,t_Intercept,0.3725598595270846,1
13,"t_C(type, Treatment('prototype'))[T.exception]",0.01944747266767093,1
14,"t_C(type, Treatment('prototype'))[T.rule follower]",0.013344382550103605,1
15,t_roi2,-0.060691768422076575,1
16,"t_roi2:C(type, Treatment('prototype'))[T.exception]",0.030364618706150762,1
17,"t_roi2:C(type, Treatment('prototype'))[T.rule follower]",0.0370249592589966,1
0,v_Intercept,0.023945738659134463,0
1,"v_C(type, Treatment('prototype'))[T.exception]",0.11934233580417725,1
2,"v_C(type, Treatment('prototype'))[T.rule follower]",-0.04144301818581561,2
3,v_roi8,-0.38162036514706377,3
4,"v_roi8:C(type, Treatment('prototype'))[T.exception]",0.061960467738365166,4
5,"v_roi8:C(type, Treatment('prototype'))[T.rule follower]",0.22813196572496475,5
6,a_Intercept,1.827376394430775,6
7,"a_C(type, Treatment('prototype'))[T.exception]",0.10174280414226786,7
8,"a_C(type, Treatment('prototype'))[T.rule follower]",0.056786699287987685,8
9,a_roi8,0.7345945889887967,9
10,"a_roi8:C(type, Treatment('prototype'))[T.exception]",0.24036266676278265,1
11,"a_roi8:C(type, Treatment('prototype'))[T.rule follower]",-0.11725015600966204,1
12,t_Intercept,0.3454120053596728,1
13,"t_C(type, Treatment('prototype'))[T.exception]",0.01646539402169423,1
14,"t_C(type, Treatment('prototype'))[T.rule follower]",0.03449680622495422,1
15,t_roi8,-0.0749016805842734,1
16,"t_roi8:C(type, Treatment('prototype'))[T.exception]",0.028827484235999287,1
17,"t_roi8:C(type, Treatment('prototype'))[T.rule follower]",0.07112184699678918,1
0,v_Intercept,0.07114272095627949,0
1,"v_C(type, Treatment('prototype'))[T.exception]",0.07293691147918757,1
2,"v_C(type, Treatment('prototype'))[T.rule follower]",0.0017100780946790186,2
3,v_roi14,-0.6409608394469846,3
4,"v_roi14:C(type, Treatment('prototype'))[T.exception]",0.2941401513671127,4
5,"v_roi14:C(type, Treatment('prototype'))[T.rule follower]",-0.4046723525869471,5
6,a_Intercept,1.7367502172912397,6
7,"a_C(type, Treatment('prototype'))[T.exception]",0.11370718661482206,7
8,"a_C(type, Treatment('prototype'))[T.rule follower]",0.029623807252841663,8
9,a_roi14,1.0171534574268284,9
10,"a_roi14:C(type, Treatment('prototype'))[T.exception]",0.13293557645220488,1
11,"a_roi14:C(type, Treatment('prototype'))[T.rule follower]",1.0893659576809118,1
12,t_Intercept,0.3630573692936025,1
13,"t_C(type, Treatment('prototype'))[T.exception]",0.00682363192337905,1
14,"t_C(type, Treatment('prototype'))[T.rule follower]",0.025323616044147262,1
15,t_roi14,0.10562387792462584,1
16,"t_roi14:C(type, Treatment('prototype'))[T.exception]",-0.08558440415021717,1
17,"t_roi14:C(type, Treatment('prototype'))[T.rule follower]",-0.3928642038590781,1
0,v_Intercept,0.04202642935407555,0
1,"v_C(type, Treatment('prototype'))[T.exception]",0.10798041266564247,1
2,"v_C(type, Treatment('prototype'))[T.rule follower]",-0.046184327824130095,2
3,v_roi15,-0.1498248022026636,3
4,"v_roi15:C(type, Treatment('prototype'))[T.exception]",0.9513635628363236,4
5,"v_roi15:C(type, Treatment('prototype'))[T.rule follower]",0.3038173283320196,5
6,a_Intercept,1.7476310279946599,6
7,"a_C(type, Treatment('prototype'))[T.exception]",0.12257395968846085,7
8,"a_C(type, Treatment('prototype'))[T.rule follower]",0.05937528086886485,8
9,a_roi15,-0.7883825390507043,9
10,"a_roi15:C(type, Treatment('prototype'))[T.exception]",0.3407763184342021,1
11,"a_roi15:C(type, Treatment('prototype'))[T.rule follower]",0.00243522208786362,1
12,t_Intercept,0.3604236051292882,1
13,"t_C(type, Treatment('prototype'))[T.exception]",0.012962384843730579,1
14,"t_C(type, Treatment('prototype'))[T.rule follower]",0.022568647457181644,1
15,t_roi15,-0.08757012392528153,1
16,"t_roi15:C(type, Treatment('prototype'))[T.exception]",0.11083077094615752,1
17,"t_roi15:C(type, Treatment('prototype'))[T.rule follower]",0.057288041251624226,1
0,v_Intercept,0.054986450643076334,0
1,"v_C(type, Treatment('prototype'))[T.exception]",0.08621164989108299,1
2,"v_C(type, Treatment('prototype'))[T.rule follower]",-0.030484543812186408,2
3,v_roi16,-0.10387916182511857,3
4,"v_roi16:C(type, Treatment('prototype'))[T.exception]",-0.05461085551379563,4
5,"v_roi16:C(type, Treatment('prototype'))[T.rule follower]",-0.091665602291097,5
6,a_Intercept,1.7254482313715036,6
7,"a_C(type, Treatment('prototype'))[T.exception]",0.07804076139761153,7
8,"a_C(type, Treatment('prototype'))[T.rule follower]",0.02137964226540576,8
9,a_roi16,1.0200123516644577,9
10,"a_roi16:C(type, Treatment('prototype'))[T.exception]",0.1435429989097763,1
11,"a_roi16:C(type, Treatment('prototype'))[T.rule follower]",0.5303942542898279,1
12,t_Intercept,0.3622197053119622,1
13,"t_C(type, Treatment('prototype'))[T.exception]",0.016638708728284546,1
14,"t_C(type, Treatment('prototype'))[T.rule follower]",0.0264367879841201,1
15,t_roi16,0.02246930365659386,1
16,"t_roi16:C(type, Treatment('prototype'))[T.exception]",-0.11228574801982304,1
17,"t_roi16:C(type, Treatment('prototype'))[T.rule follower]",-0.16282164605439695,1
0,v_Intercept,0.05387966435289826,0
1,"v_C(type, Treatment('prototype'))[T.exception]",0.11542708617847287,1
2,"v_C(type, Treatment('prototype'))[T.rule follower]",-0.046460310775758656,2
3,v_roi17,0.046733973503772064,3
4,"v_roi17:C(type, Treatment('prototype'))[T.exception]",-0.7066233163082007,4
5,"v_roi17:C(type, Treatment('prototype'))[T.rule follower]",-0.3362444635741257,5
6,a_Intercept,1.7535063367040014,6
7,"a_C(type, Treatment('prototype'))[T.exception]",0.11475501614247878,7
8,"a_C(type, Treatment('prototype'))[T.rule follower]",0.056250600092138725,8
9,a_roi17,1.1230664584564605,9
10,"a_roi17:C(type, Treatment('prototype'))[T.exception]",-0.05017374615619597,1
11,"a_roi17:C(type, Treatment('prototype'))[T.rule follower]",-0.032286080870290834,1
12,t_Intercept,0.354442942590781,1
13,"t_C(type, Treatment('prototype'))[T.exception]",0.01685423538794545,1
14,"t_C(type, Treatment('prototype'))[T.rule follower]",0.03660256600970435,1
15,t_roi17,-0.06433859745181379,1
16,"t_roi17:C(type, Treatment('prototype'))[T.exception]",-0.06450347781723552,1
17,"t_roi17:C(type, Treatment('prototype'))[T.rule follower]",0.14828336493504612,1
0,v_Intercept,0.0290849555570451,0
1,"v_C(type, Treatment('prototype'))[T.exception]",0.08975863995189684,1
2,"v_C(type, Treatment('prototype'))[T.rule follower]",-0.049504394111096715,2
3,v_roi18,-0.4322918366721913,3
4,"v_roi18:C(type, Treatment('prototype'))[T.exception]",0.4070162896409082,4
5,"v_roi18:C(type, Treatment('prototype'))[T.rule follower]",0.047980461897976216,5
6,a_Intercept,1.8048281254250576,6
7,"a_C(type, Treatment('prototype'))[T.exception]",0.06367447645259247,7
8,"a_C(type, Treatment('prototype'))[T.rule follower]",0.0184950724961441,8
9,a_roi18,0.8425092286909869,9
10,"a_roi18:C(type, Treatment('prototype'))[T.exception]",-0.19989516228981571,1
11,"a_roi18:C(type, Treatment('prototype'))[T.rule follower]",-0.3389664015339872,1
12,t_Intercept,0.3474816295329229,1
13,"t_C(type, Treatment('prototype'))[T.exception]",0.023782002079692305,1
14,"t_C(type, Treatment('prototype'))[T.rule follower]",0.05124132839136649,1
15,t_roi18,-0.10959243741910102,1
16,"t_roi18:C(type, Treatment('prototype'))[T.exception]",0.19264556955089385,1
17,"t_roi18:C(type, Treatment('prototype'))[T.rule follower]",0.3515981199363957,1
0,v_Intercept,0.03858240918461109,0
1,"v_C(type, Treatment('prototype'))[T.exception]",0.10579387488269973,1
2,"v_C(type, Treatment('prototype'))[T.rule follower]",-0.05673286258779198,2
3,v_roi20,-0.49481098169104204,3
4,"v_roi20:C(type, Treatment('prototype'))[T.exception]",0.07859385920659179,4
5,"v_roi20:C(type, Treatment('prototype'))[T.rule follower]",-0.2743672319283954,5
6,a_Intercept,1.7902923087493983,6
7,"a_C(type, Treatment('prototype'))[T.exception]",0.127456872080869,7
8,"a_C(type, Treatment('prototype'))[T.rule follower]",0.0812135255339465,8
9,a_roi20,0.951355401754354,9
10,"a_roi20:C(type, Treatment('prototype'))[T.exception]",0.19084645873397754,1
11,"a_roi20:C(type, Treatment('prototype'))[T.rule follower]",0.6766914122451344,1
12,t_Intercept,0.3709251940397734,1
13,"t_C(type, Treatment('prototype'))[T.exception]",-0.005438390276163718,1
14,"t_C(type, Treatment('prototype'))[T.rule follower]",0.015989323851124754,1
15,t_roi20,0.19624803005455044,1
16,"t_roi20:C(type, Treatment('prototype'))[T.exception]",-0.2015856386888457,1
17,"t_roi20:C(type, Treatment('prototype'))[T.rule follower]",-0.0823040935614392,1
0,v_Intercept,0.05390314455479875,0
1,"v_C(type, Treatment('prototype'))[T.exception]",0.0860620785906421,1
2,"v_C(type, Treatment('prototype'))[T.rule follower]",-0.0627423362822227,2
3,v_roi23,-1.3019369325991526,3
4,"v_roi23:C(type, Treatment('prototype'))[T.exception]",1.4751050907073486,4
5,"v_roi23:C(type, Treatment('prototype'))[T.rule follower]",-0.36582765814986784,5
6,a_Intercept,1.7759912849037929,6
7,"a_C(type, Treatment('prototype'))[T.exception]",0.11127223104017084,7
8,"a_C(type, Treatment('prototype'))[T.rule follower]",0.04958220566484717,8
9,a_roi23,1.0344510926869648,9
10,"a_roi23:C(type, Treatment('prototype'))[T.exception]",-0.3997117415523879,1
11,"a_roi23:C(type, Treatment('prototype'))[T.rule follower]",-0.026864963089975102,1
12,t_Intercept,0.3496557987556744,1
13,"t_C(type, Treatment('prototype'))[T.exception]",0.007926899615987117,1
14,"t_C(type, Treatment('prototype'))[T.rule follower]",0.032724447441882534,1
15,t_roi23,-0.10741863655656707,1
16,"t_roi23:C(type, Treatment('prototype'))[T.exception]",-0.012580472376024944,1
17,"t_roi23:C(type, Treatment('prototype'))[T.rule follower]",0.12813260864059933,1
0,v_Intercept,0.04275804819593529,0
1,"v_C(type, Treatment('prototype'))[T.exception]",0.17583030594181376,1
2,"v_C(type, Treatment('prototype'))[T.rule follower]",-0.02455345608595261,2
3,v_roi24,-0.017636802734270596,3
4,"v_roi24:C(type, Treatment('prototype'))[T.exception]",1.8353201937100907,4
5,"v_roi24:C(type, Treatment('prototype'))[T.rule follower]",0.5400303821264816,5
6,a_Intercept,1.7592627138701062,6
7,"a_C(type, Treatment('prototype'))[T.exception]",0.061303749147671865,7
8,"a_C(type, Treatment('prototype'))[T.rule follower]",0.026388164069825776,8
9,a_roi24,-0.37511687153000906,9
10,"a_roi24:C(type, Treatment('prototype'))[T.exception]",-0.5046582654343621,1
11,"a_roi24:C(type, Treatment('prototype'))[T.rule follower]",-0.6667970833237065,1
12,t_Intercept,0.3527196943469941,1
13,"t_C(type, Treatment('prototype'))[T.exception]",0.031336071406227545,1
14,"t_C(type, Treatment('prototype'))[T.rule follower]",0.03212160598604062,1
15,t_roi24,-0.09457387879912788,1
16,"t_roi24:C(type, Treatment('prototype'))[T.exception]",-0.050543452671482525,1
17,"t_roi24:C(type, Treatment('prototype'))[T.rule follower]",0.1420895378957166,1
0,v_Intercept,0.038988885265976464,0
1,"v_C(type, Treatment('prototype'))[T.exception]",0.07072658510582583,1
2,"v_C(type, Treatment('prototype'))[T.rule follower]",-0.06850890889211644,2
3,v_roi25,-0.149026653561259,3
4,"v_roi25:C(type, Treatment('prototype'))[T.exception]",-0.8246107097383475,4
5,"v_roi25:C(type, Treatment('prototype'))[T.rule follower]",-0.5229750836169773,5
6,a_Intercept,1.8033914484042641,6
7,"a_C(type, Treatment('prototype'))[T.exception]",0.08628703184383019,7
8,"a_C(type, Treatment('prototype'))[T.rule follower]",0.04371809278842005,8
9,a_roi25,1.126242879802032,9
10,"a_roi25:C(type, Treatment('prototype'))[T.exception]",-0.5388453473985682,1
11,"a_roi25:C(type, Treatment('prototype'))[T.rule follower]",0.15574307882729865,1
12,t_Intercept,0.3570339808923797,1
13,"t_C(type, Treatment('prototype'))[T.exception]",0.0118693225106501,1
14,"t_C(type, Treatment('prototype'))[T.rule follower]",0.028088428559777338,1
15,t_roi25,0.040481116364715575,1
16,"t_roi25:C(type, Treatment('prototype'))[T.exception]",0.033283042123295685,1
17,"t_roi25:C(type, Treatment('prototype'))[T.rule follower]",-0.01977877703062364,1
0,v_Intercept,0.05003413921701815,0
1,"v_C(type, Treatment('prototype'))[T.exception]",0.07964289839463283,1
2,"v_C(type, Treatment('prototype'))[T.rule follower]",-0.06609274827095851,2
3,v_roi28,0.4810927347281677,3
4,"v_roi28:C(type, Treatment('prototype'))[T.exception]",0.02668455072151144,4
5,"v_roi28:C(type, Treatment('prototype'))[T.rule follower]",-0.30123104353243324,5
6,a_Intercept,1.7334554499537334,6
7,"a_C(type, Treatment('prototype'))[T.exception]",0.09314128283521277,7
8,"a_C(type, Treatment('prototype'))[T.rule follower]",0.06318615406230225,8
9,a_roi28,-2.133060579306292,9
10,"a_roi28:C(type, Treatment('prototype'))[T.exception]",0.6254396508781981,1
11,"a_roi28:C(type, Treatment('prototype'))[T.rule follower]",0.9214600207459274,1
12,t_Intercept,0.3554501300893256,1
13,"t_C(type, Treatment('prototype'))[T.exception]",0.005167741606359869,1
14,"t_C(type, Treatment('prototype'))[T.rule follower]",0.027566935679483318,1
15,t_roi28,0.2269197127452436,1
16,"t_roi28:C(type, Treatment('prototype'))[T.exception]",-0.18273677756820814,1
17,"t_roi28:C(type, Treatment('prototype'))[T.rule follower]",-0.2327891318133841,1
0,v_Intercept,0.040286725532451495,0
1,"v_C(type, Treatment('prototype'))[T.exception]",0.13434728897715315,1
2,"v_C(type, Treatment('prototype'))[T.rule follower]",-0.03101681644820237,2
3,v_roi29,0.00824210190089536,3
4,"v_roi29:C(type, Treatment('prototype'))[T.exception]",2.0342988258379298,4
5,"v_roi29:C(type, Treatment('prototype'))[T.rule follower]",1.313943102283197,5
6,a_Intercept,1.7489020383349307,6
7,"a_C(type, Treatment('prototype'))[T.exception]",0.09847423556581393,7
8,"a_C(type, Treatment('prototype'))[T.rule follower]",0.00905144080718398,8
9,a_roi29,-2.4173807009940864,9
10,"a_roi29:C(type, Treatment('prototype'))[T.exception]",1.4748791329093192,1
11,"a_roi29:C(type, Treatment('prototype'))[T.rule follower]",-1.8520117729325247,1
12,t_Intercept,0.35518126884532475,1
13,"t_C(type, Treatment('prototype'))[T.exception]",0.013582573997431985,1
14,"t_C(type, Treatment('prototype'))[T.rule follower]",0.03317422018072631,1
15,t_roi29,0.4944362685111306,1
16,"t_roi29:C(type, Treatment('prototype'))[T.exception]",-0.16718749829287582,1
17,"t_roi29:C(type, Treatment('prototype'))[T.rule follower]",-0.3244358347816674,1
0,v_Intercept,0.06935385917438874,0
1,"v_C(type, Treatment('prototype'))[T.exception]",0.12365306862388392,1
2,"v_C(type, Treatment('prototype'))[T.rule follower]",-0.0620641236768478,2
3,v_roi31,-0.17767442474670914,3
4,"v_roi31:C(type, Treatment('prototype'))[T.exception]",-0.4823161829440532,4
5,"v_roi31:C(type, Treatment('prototype'))[T.rule follower]",0.1045232113709077,5
6,a_Intercept,1.747123437778458,6
7,"a_C(type, Treatment('prototype'))[T.exception]",0.10462618294517648,7
8,"a_C(type, Treatment('prototype'))[T.rule follower]",-0.0090061141297694,8
9,a_roi31,0.7999588974355849,9
10,"a_roi31:C(type, Treatment('prototype'))[T.exception]",-0.10414820333929577,1
11,"a_roi31:C(type, Treatment('prototype'))[T.rule follower]",0.5428002764255693,1
12,t_Intercept,0.3580674880553021,1
13,"t_C(type, Treatment('prototype'))[T.exception]",0.006416617754743045,1
14,"t_C(type, Treatment('prototype'))[T.rule follower]",0.03377540593965355,1
15,t_roi31,0.04550022658150893,1
16,"t_roi31:C(type, Treatment('prototype'))[T.exception]",0.006171251446715821,1
17,"t_roi31:C(type, Treatment('prototype'))[T.rule follower]",-0.1277844753840281,1
0,v_Intercept,0.03654321271143568,0
1,"v_C(type, Treatment('prototype'))[T.exception]",0.10507163524777402,1
2,"v_C(type, Treatment('prototype'))[T.rule follower]",-0.055094468020549216,2
3,v_roi32,0.19314515459542314,3
4,"v_roi32:C(type, Treatment('prototype'))[T.exception]",-1.6019055668699635,4
5,"v_roi32:C(type, Treatment('prototype'))[T.rule follower]",-0.9714021247260098,5
6,a_Intercept,1.7812785619260023,6
7,"a_C(type, Treatment('prototype'))[T.exception]",0.09826239984757584,7
8,"a_C(type, Treatment('prototype'))[T.rule follower]",0.05509907013929377,8
9,a_roi32,0.15769436417945892,9
10,"a_roi32:C(type, Treatment('prototype'))[T.exception]",0.44630450238812136,1
11,"a_roi32:C(type, Treatment('prototype'))[T.rule follower]",0.9333555149877348,1
12,t_Intercept,0.35691495592013894,1
13,"t_C(type, Treatment('prototype'))[T.exception]",0.0097798623435641,1
14,"t_C(type, Treatment('prototype'))[T.rule follower]",0.032056062556666584,1
15,t_roi32,0.07931912455595946,1
16,"t_roi32:C(type, Treatment('prototype'))[T.exception]",-0.2519764812587544,1
17,"t_roi32:C(type, Treatment('prototype'))[T.rule follower]",-0.09170957177277116,1
0,v_Intercept,0.054087797910275286,0
1,"v_C(type, Treatment('prototype'))[T.exception]",0.10105331996432657,1
2,"v_C(type, Treatment('prototype'))[T.rule follower]",-0.05236639772614904,2
3,v_roi33,-0.24461385994167276,3
4,"v_roi33:C(type, Treatment('prototype'))[T.exception]",-0.5372461248204154,4
5,"v_roi33:C(type, Treatment('prototype'))[T.rule follower]",-0.5825196247276809,5
6,a_Intercept,1.7853997292990589,6
7,"a_C(type, Treatment('prototype'))[T.exception]",0.08707961460794905,7
8,"a_C(type, Treatment('prototype'))[T.rule follower]",0.02766873533505898,8
9,a_roi33,1.1043052573780217,9
10,"a_roi33:C(type, Treatment('prototype'))[T.exception]",0.0599751762438312,1
11,"a_roi33:C(type, Treatment('prototype'))[T.rule follower]",0.5484067276238813,1
12,t_Intercept,0.3523432616355197,1
13,"t_C(type, Treatment('prototype'))[T.exception]",0.009952208504390644,1
14,"t_C(type, Treatment('prototype'))[T.rule follower]",0.04174173914815223,1
15,t_roi33,-0.046227345178803995,1
16,"t_roi33:C(type, Treatment('prototype'))[T.exception]",-0.06982595724883855,1
17,"t_roi33:C(type, Treatment('prototype'))[T.rule follower]",-0.031905217940908885,1
0,v_Intercept,0.052058157437197584,0
1,"v_C(type, Treatment('prototype'))[T.exception]",0.07380247329602138,1
2,"v_C(type, Treatment('prototype'))[T.rule follower]",-0.04690998451690157,2
3,v_roi34,0.002497320586877905,3
4,"v_roi34:C(type, Treatment('prototype'))[T.exception]",-0.23149684848977306,4
5,"v_roi34:C(type, Treatment('prototype'))[T.rule follower]",-0.4052243176483019,5
6,a_Intercept,1.7316048113373677,6
7,"a_C(type, Treatment('prototype'))[T.exception]",0.1520154629743568,7
8,"a_C(type, Treatment('prototype'))[T.rule follower]",0.056556616276968785,8
9,a_roi34,-1.7394670547651008,9
10,"a_roi34:C(type, Treatment('prototype'))[T.exception]",1.3281815922566138,1
11,"a_roi34:C(type, Treatment('prototype'))[T.rule follower]",0.6873928530827431,1
12,t_Intercept,0.357359131392848,1
13,"t_C(type, Treatment('prototype'))[T.exception]",0.004067524751463936,1
14,"t_C(type, Treatment('prototype'))[T.rule follower]",0.026028584303266374,1
15,t_roi34,0.20162908487390285,1
16,"t_roi34:C(type, Treatment('prototype'))[T.exception]",-0.2884424764085812,1
17,"t_roi34:C(type, Treatment('prototype'))[T.rule follower]",-0.1977562973956969,1
0,v_Intercept,0.05173791665859687,0
1,"v_C(type, Treatment('prototype'))[T.exception]",0.13664735182205776,1
2,"v_C(type, Treatment('prototype'))[T.rule follower]",-0.06175841487056182,2
3,v_roi35,-0.0232895521286417,3
4,"v_roi35:C(type, Treatment('prototype'))[T.exception]",-0.9277373598780044,4
5,"v_roi35:C(type, Treatment('prototype'))[T.rule follower]",0.0044097266711120575,5
6,a_Intercept,1.7839534480344754,6
7,"a_C(type, Treatment('prototype'))[T.exception]",0.06830133348104461,7
8,"a_C(type, Treatment('prototype'))[T.rule follower]",0.031789242159331293,8
9,a_roi35,0.5354420352708273,9
10,"a_roi35:C(type, Treatment('prototype'))[T.exception]",0.07682980297444275,1
11,"a_roi35:C(type, Treatment('prototype'))[T.rule follower]",0.510919000072338,1
12,t_Intercept,0.35398873264526065,1
13,"t_C(type, Treatment('prototype'))[T.exception]",0.004177700142027341,1
14,"t_C(type, Treatment('prototype'))[T.rule follower]",0.035072437926269656,1
15,t_roi35,-0.02366523760443566,1
16,"t_roi35:C(type, Treatment('prototype'))[T.exception]",0.034506856849446536,1
17,"t_roi35:C(type, Treatment('prototype'))[T.rule follower]",-0.058608583572454125,1
0,v_Intercept,0.07365404384002268,0
1,"v_C(type, Treatment('prototype'))[T.exception]",0.04442834703168577,1
2,"v_C(type, Treatment('prototype'))[T.rule follower]",-0.09165430892133293,2
3,v_roi38,0.5891559486167933,3
4,"v_roi38:C(type, Treatment('prototype'))[T.exception]",-1.2916104692849235,4
5,"v_roi38:C(type, Treatment('prototype'))[T.rule follower]",-0.7835255828108967,5
6,a_Intercept,1.7287033653894617,6
7,"a_C(type, Treatment('prototype'))[T.exception]",0.07429239325909716,7
8,"a_C(type, Treatment('prototype'))[T.rule follower]",0.05507173520458036,8
9,a_roi38,-0.8976152238756759,9
10,"a_roi38:C(type, Treatment('prototype'))[T.exception]",0.0286393758376986,1
11,"a_roi38:C(type, Treatment('prototype'))[T.rule follower]",-0.008639289601994895,1
12,t_Intercept,0.3638400788125033,1
13,"t_C(type, Treatment('prototype'))[T.exception]",0.009695511910034676,1
14,"t_C(type, Treatment('prototype'))[T.rule follower]",0.019889925206559286,1
15,t_roi38,0.186981874250632,1
16,"t_roi38:C(type, Treatment('prototype'))[T.exception]",-0.06530686960363248,1
17,"t_roi38:C(type, Treatment('prototype'))[T.rule follower]",-0.1582934318037416,1
0,v_Intercept,0.0896482611109338,0
1,"v_C(type, Treatment('prototype'))[T.exception]",0.006867897941260748,1
2,"v_C(type, Treatment('prototype'))[T.rule follower]",-0.024400521975169957,2
3,v_roi39,0.7153999382834944,3
4,"v_roi39:C(type, Treatment('prototype'))[T.exception]",-1.5173805150565902,4
5,"v_roi39:C(type, Treatment('prototype'))[T.rule follower]",0.438908203164224,5
6,a_Intercept,1.7276436420115944,6
7,"a_C(type, Treatment('prototype'))[T.exception]",0.0927798163489208,7
8,"a_C(type, Treatment('prototype'))[T.rule follower]",0.02547301766493616,8
9,a_roi39,-0.948315640368283,9
10,"a_roi39:C(type, Treatment('prototype'))[T.exception]",0.15919534698951845,1
11,"a_roi39:C(type, Treatment('prototype'))[T.rule follower]",-0.7143937324276761,1
12,t_Intercept,0.3573909333687613,1
13,"t_C(type, Treatment('prototype'))[T.exception]",0.015459072898774372,1
14,"t_C(type, Treatment('prototype'))[T.rule follower]",0.027214092253122584,1
15,t_roi39,0.0604754083413725,1
16,"t_roi39:C(type, Treatment('prototype'))[T.exception]",0.1022255772717667,1
17,"t_roi39:C(type, Treatment('prototype'))[T.rule follower]",0.06211029238970073,1
0,v_Intercept,0.0953253849612935,0
1,"v_C(type, Treatment('prototype'))[T.exception]",0.08825278309890505,1
2,"v_C(type, Treatment('prototype'))[T.rule follower]",-0.04470066969681291,2
3,v_roi40,0.5201942121416654,3
4,"v_roi40:C(type, Treatment('prototype'))[T.exception]",-0.01087089125850027,4
5,"v_roi40:C(type, Treatment('prototype'))[T.rule follower]",-0.2061829334015808,5
6,a_Intercept,1.6714140940660682,6
7,"a_C(type, Treatment('prototype'))[T.exception]",0.1082254271006377,7
8,"a_C(type, Treatment('prototype'))[T.rule follower]",-0.012233439035433752,8
9,a_roi40,-1.4266475171579138,9
10,"a_roi40:C(type, Treatment('prototype'))[T.exception]",0.2693566304949482,1
11,"a_roi40:C(type, Treatment('prototype'))[T.rule follower]",-0.559271709717333,1
12,t_Intercept,0.3606748613688297,1
13,"t_C(type, Treatment('prototype'))[T.exception]",0.00964652147250819,1
14,"t_C(type, Treatment('prototype'))[T.rule follower]",0.04052501021153816,1
15,t_roi40,0.1077009315415681,1
16,"t_roi40:C(type, Treatment('prototype'))[T.exception]",0.10380727759779013,1
17,"t_roi40:C(type, Treatment('prototype'))[T.rule follower]",-0.011518365028261812,1
0,v_Intercept,0.09121493541820573,0
1,"v_C(type, Treatment('prototype'))[T.exception]",0.020404117633615937,1
2,"v_C(type, Treatment('prototype'))[T.rule follower]",-0.02587111536977033,2
3,v_roi41,1.4771613460583997,3
4,"v_roi41:C(type, Treatment('prototype'))[T.exception]",-1.7823276966789106,4
5,"v_roi41:C(type, Treatment('prototype'))[T.rule follower]",0.3170664153330178,5
6,a_Intercept,1.7202806050231747,6
7,"a_C(type, Treatment('prototype'))[T.exception]",0.0662943986256272,7
8,"a_C(type, Treatment('prototype'))[T.rule follower]",-0.00580500600835826,8
9,a_roi41,-1.6580282626689629,9
10,"a_roi41:C(type, Treatment('prototype'))[T.exception]",-0.3089594210999622,1
11,"a_roi41:C(type, Treatment('prototype'))[T.rule follower]",-0.9598851095538404,1
12,t_Intercept,0.3586897214850371,1
13,"t_C(type, Treatment('prototype'))[T.exception]",0.02561725056409186,1
14,"t_C(type, Treatment('prototype'))[T.rule follower]",0.03193547390613144,1
15,t_roi41,0.1084752652189418,1
16,"t_roi41:C(type, Treatment('prototype'))[T.exception]",0.4170062891694949,1
17,"t_roi41:C(type, Treatment('prototype'))[T.rule follower]",0.045933677368501236,1
0,v_Intercept,0.049071115768848636,0
1,"v_C(type, Treatment('prototype'))[T.exception]",0.08714031170296907,1
2,"v_C(type, Treatment('prototype'))[T.rule follower]",-0.047121624618034964,2
3,v_roi42,0.17803649075462644,3
4,"v_roi42:C(type, Treatment('prototype'))[T.exception]",0.2053541766740694,4
5,"v_roi42:C(type, Treatment('prototype'))[T.rule follower]",0.19941275250655546,5
6,a_Intercept,1.7417550366432542,6
7,"a_C(type, Treatment('prototype'))[T.exception]",0.08056922374175965,7
8,"a_C(type, Treatment('prototype'))[T.rule follower]",0.04308350515952234,8
9,a_roi42,-0.8664886240925319,9
10,"a_roi42:C(type, Treatment('prototype'))[T.exception]",0.07935232172597884,1
11,"a_roi42:C(type, Treatment('prototype'))[T.rule follower]",-0.1010270188274649,1
12,t_Intercept,0.35483614699489524,1
13,"t_C(type, Treatment('prototype'))[T.exception]",0.016176301044864803,1
14,"t_C(type, Treatment('prototype'))[T.rule follower]",0.02949934436341605,1
15,t_roi42,0.004723897306556535,1
16,"t_roi42:C(type, Treatment('prototype'))[T.exception]",-0.04730736487661796,1
17,"t_roi42:C(type, Treatment('prototype'))[T.rule follower]",0.03012931130138635,1
0,v_Intercept,0.07196891650474825,0
1,"v_C(type, Treatment('prototype'))[T.exception]",0.02562533076927273,1
2,"v_C(type, Treatment('prototype'))[T.rule follower]",-0.038464207857358435,2
3,v_roi43,0.3415212991854346,3
4,"v_roi43:C(type, Treatment('prototype'))[T.exception]",-0.9723932256374472,4
5,"v_roi43:C(type, Treatment('prototype'))[T.rule follower]",0.1426241352690888,5
6,a_Intercept,1.7166297040022391,6
7,"a_C(type, Treatment('prototype'))[T.exception]",0.11456164858717476,7
8,"a_C(type, Treatment('prototype'))[T.rule follower]",0.06183639758871089,8
9,a_roi43,-0.8851760550549477,9
10,"a_roi43:C(type, Treatment('prototype'))[T.exception]",-0.04071955598972865,1
11,"a_roi43:C(type, Treatment('prototype'))[T.rule follower]",0.062168843552617974,1
12,t_Intercept,0.3611709360677422,1
13,"t_C(type, Treatment('prototype'))[T.exception]",0.014044058416110505,1
14,"t_C(type, Treatment('prototype'))[T.rule follower]",0.025178311572501645,1
15,t_roi43,0.13115406796163004,1
16,"t_roi43:C(type, Treatment('prototype'))[T.exception]",0.031042202018149057,1
17,"t_roi43:C(type, Treatment('prototype'))[T.rule follower]",-0.07070587460684996,1
0,v_Intercept,0.09754646959116986,0
1,"v_C(type, Treatment('prototype'))[T.exception]",0.007019125425333839,1
2,"v_C(type, Treatment('prototype'))[T.rule follower]",-0.02889502891263176,2
3,v_roi44,0.6133382015512419,3
4,"v_roi44:C(type, Treatment('prototype'))[T.exception]",-0.7773859061134598,4
5,"v_roi44:C(type, Treatment('prototype'))[T.rule follower]",-0.055842605594470296,5
6,a_Intercept,1.7157178471825123,6
7,"a_C(type, Treatment('prototype'))[T.exception]",0.0445653045126585,7
8,"a_C(type, Treatment('prototype'))[T.rule follower]",0.01228553026262244,8
9,a_roi44,-1.0193826481376809,9
10,"a_roi44:C(type, Treatment('prototype'))[T.exception]",-0.26688009876027485,1
11,"a_roi44:C(type, Treatment('prototype'))[T.rule follower]",-0.3747308465035695,1
12,t_Intercept,0.3587918144552082,1
13,"t_C(type, Treatment('prototype'))[T.exception]",0.04249122542984818,1
14,"t_C(type, Treatment('prototype'))[T.rule follower]",0.03605276754972113,1
15,t_roi44,0.0633615876140882,1
16,"t_roi44:C(type, Treatment('prototype'))[T.exception]",0.26651384185270577,1
17,"t_roi44:C(type, Treatment('prototype'))[T.rule follower]",0.04457947929217127,1
0,v_Intercept,0.08868259527400707,0
1,"v_C(type, Treatment('prototype'))[T.exception]",0.030327738468016674,1
2,"v_C(type, Treatment('prototype'))[T.rule follower]",-0.054636873843768224,2
3,v_roi48,0.8178493049612205,3
4,"v_roi48:C(type, Treatment('prototype'))[T.exception]",-1.336324837778769,4
5,"v_roi48:C(type, Treatment('prototype'))[T.rule follower]",0.1682195480092099,5
6,a_Intercept,1.7224390413302983,6
7,"a_C(type, Treatment('prototype'))[T.exception]",0.13491484820640146,7
8,"a_C(type, Treatment('prototype'))[T.rule follower]",0.06447907740331618,8
9,a_roi48,-1.020183019417137,9
10,"a_roi48:C(type, Treatment('prototype'))[T.exception]",0.0030896601810130875,1
11,"a_roi48:C(type, Treatment('prototype'))[T.rule follower]",-0.09258260017622688,1
12,t_Intercept,0.3730722127197461,1
13,"t_C(type, Treatment('prototype'))[T.exception]",-0.0015507847531620186,1
14,"t_C(type, Treatment('prototype'))[T.rule follower]",0.012898898152106042,1
15,t_roi48,0.17903314425919836,1
16,"t_roi48:C(type, Treatment('prototype'))[T.exception]",-0.00787915203540468,1
17,"t_roi48:C(type, Treatment('prototype'))[T.rule follower]",-0.1602183527954298,1
0,v_Intercept,0.07262061883973125,0
1,"v_C(type, Treatment('prototype'))[T.exception]",0.16688991088497826,1
2,"v_C(type, Treatment('prototype'))[T.rule follower]",-0.105457096124712,2
3,v_roi51,-0.2625124436414734,3
4,"v_roi51:C(type, Treatment('prototype'))[T.exception]",-0.2859697946290183,4
5,"v_roi51:C(type, Treatment('prototype'))[T.rule follower]",0.2996315668852165,5
6,a_Intercept,1.6091837295813525,6
7,"a_C(type, Treatment('prototype'))[T.exception]",0.06474001703869645,7
8,"a_C(type, Treatment('prototype'))[T.rule follower]",0.06885833812442849,8
9,a_roi51,1.3420319323030048,9
10,"a_roi51:C(type, Treatment('prototype'))[T.exception]",0.1534580744220202,1
11,"a_roi51:C(type, Treatment('prototype'))[T.rule follower]",-0.21994842141563886,1
12,t_Intercept,0.3656772301556249,1
13,"t_C(type, Treatment('prototype'))[T.exception]",0.03095574407707952,1
14,"t_C(type, Treatment('prototype'))[T.rule follower]",0.027259049298341,1
15,t_roi51,-0.10346635563845527,1
16,"t_roi51:C(type, Treatment('prototype'))[T.exception]",-0.15053609291679734,1
17,"t_roi51:C(type, Treatment('prototype'))[T.rule follower]",-0.020788731166220764,1
0,v_Intercept,0.10848748114663108,0
1,"v_C(type, Treatment('prototype'))[T.exception]",0.19619133742355405,1
2,"v_C(type, Treatment('prototype'))[T.rule follower]",-0.0920103762073466,2
3,v_roi52,-0.2268300431335626,3
4,"v_roi52:C(type, Treatment('prototype'))[T.exception]",-0.2207463804723161,4
5,"v_roi52:C(type, Treatment('prototype'))[T.rule follower]",0.1412799528309091,5
6,a_Intercept,1.5724423893370147,6
7,"a_C(type, Treatment('prototype'))[T.exception]",0.25550826813835537,7
8,"a_C(type, Treatment('prototype'))[T.rule follower]",0.07111868323132764,8
9,a_roi52,0.6101685022339325,9
10,"a_roi52:C(type, Treatment('prototype'))[T.exception]",-0.4696468273944564,1
11,"a_roi52:C(type, Treatment('prototype'))[T.rule follower]",-0.139045178684851,1
12,t_Intercept,0.38112469869430776,1
13,"t_C(type, Treatment('prototype'))[T.exception]",-0.014419880750916741,1
14,"t_C(type, Treatment('prototype'))[T.rule follower]",0.005266451688911322,1
15,t_roi52,-0.09020347461527324,1
16,"t_roi52:C(type, Treatment('prototype'))[T.exception]",0.09068296129350427,1
17,"t_roi52:C(type, Treatment('prototype'))[T.rule follower]",0.09393423250104907,1
0,v_Intercept,0.033279117231138244,0
1,"v_C(type, Treatment('prototype'))[T.exception]",0.2319722315845983,1
2,"v_C(type, Treatment('prototype'))[T.rule follower]",-0.11294470237900185,2
3,v_roi53,0.0053757902055141535,3
4,"v_roi53:C(type, Treatment('prototype'))[T.exception]",-0.8199922494377742,4
5,"v_roi53:C(type, Treatment('prototype'))[T.rule follower]",0.32624369430518163,5
6,a_Intercept,1.6389541374215195,6
7,"a_C(type, Treatment('prototype'))[T.exception]",0.10702818328565923,7
8,"a_C(type, Treatment('prototype'))[T.rule follower]",0.055715077564108484,8
9,a_roi53,0.9638818344524084,9
10,"a_roi53:C(type, Treatment('prototype'))[T.exception]",-0.08694496612049496,1
11,"a_roi53:C(type, Treatment('prototype'))[T.rule follower]",-0.04302017343502251,1
12,t_Intercept,0.3637903821428406,1
13,"t_C(type, Treatment('prototype'))[T.exception]",0.01308912561210731,1
14,"t_C(type, Treatment('prototype'))[T.rule follower]",0.025207072435474858,1
15,t_roi53,-0.004856052126439636,1
16,"t_roi53:C(type, Treatment('prototype'))[T.exception]",-0.004783471038608211,1
17,"t_roi53:C(type, Treatment('prototype'))[T.rule follower]",0.0028014999631522093,1
0,v_Intercept,0.03708656542045982,0
1,"v_C(type, Treatment('prototype'))[T.exception]",0.09619249540775117,1
2,"v_C(type, Treatment('prototype'))[T.rule follower]",-0.02946045776763637,2
3,v_roi60,-0.07266204472528147,3
4,"v_roi60:C(type, Treatment('prototype'))[T.exception]",-0.18437730183588694,4
5,"v_roi60:C(type, Treatment('prototype'))[T.rule follower]",-0.1069115909911964,5
6,a_Intercept,1.7347869656824342,6
7,"a_C(type, Treatment('prototype'))[T.exception]",0.11386129165841373,7
8,"a_C(type, Treatment('prototype'))[T.rule follower]",0.05125836814120927,8
9,a_roi60,-0.93336151952264,9
10,"a_roi60:C(type, Treatment('prototype'))[T.exception]",0.07017684686305238,1
11,"a_roi60:C(type, Treatment('prototype'))[T.rule follower]",-0.11763094195185307,1
12,t_Intercept,0.3625893624419712,1
13,"t_C(type, Treatment('prototype'))[T.exception]",0.004317492496654578,1
14,"t_C(type, Treatment('prototype'))[T.rule follower]",0.02290324110631088,1
15,t_roi60,0.2292979213888994,1
16,"t_roi60:C(type, Treatment('prototype'))[T.exception]",-0.060454187258345275,1
17,"t_roi60:C(type, Treatment('prototype'))[T.rule follower]",-0.1006103777124111,1
0,v_Intercept,0.055982464250841364,0
1,"v_C(type, Treatment('prototype'))[T.exception]",0.11102554497544356,1
2,"v_C(type, Treatment('prototype'))[T.rule follower]",-0.0859939524329818,2
3,v_roi61,-0.03884159508770702,3
4,"v_roi61:C(type, Treatment('prototype'))[T.exception]",0.4112266661067903,4
5,"v_roi61:C(type, Treatment('prototype'))[T.rule follower]",-0.6456967830483435,5
6,a_Intercept,1.7209523265301399,6
7,"a_C(type, Treatment('prototype'))[T.exception]",0.08651737068236343,7
8,"a_C(type, Treatment('prototype'))[T.rule follower]",0.02930314089861347,8
9,a_roi61,-0.9085084782728748,9
10,"a_roi61:C(type, Treatment('prototype'))[T.exception]",-0.2344959695972515,1
11,"a_roi61:C(type, Treatment('prototype'))[T.rule follower]",-0.1432285172406993,1
12,t_Intercept,0.35305921815149954,1
13,"t_C(type, Treatment('prototype'))[T.exception]",0.020944647972005542,1
14,"t_C(type, Treatment('prototype'))[T.rule follower]",0.029286999088345325,1
15,t_roi61,-0.11721258616690505,1
16,"t_roi61:C(type, Treatment('prototype'))[T.exception]",0.24271377483812584,1
17,"t_roi61:C(type, Treatment('prototype'))[T.rule follower]",0.004224947029149662,1
0,v_Intercept,0.03342596047806705,0
1,"v_C(type, Treatment('prototype'))[T.exception]",0.10911383596708828,1
2,"v_C(type, Treatment('prototype'))[T.rule follower]",-0.04072666486150284,2
3,v_roi65,-0.03897159020777352,3
4,"v_roi65:C(type, Treatment('prototype'))[T.exception]",-0.27113942692716275,4
5,"v_roi65:C(type, Treatment('prototype'))[T.rule follower]",-0.2609256266112916,5
6,a_Intercept,1.6791077046541258,6
7,"a_C(type, Treatment('prototype'))[T.exception]",0.14837744285108634,7
8,"a_C(type, Treatment('prototype'))[T.rule follower]",0.03592100546298549,8
9,a_roi65,1.346771884645496,9
10,"a_roi65:C(type, Treatment('prototype'))[T.exception]",-0.5217333257301351,1
11,"a_roi65:C(type, Treatment('prototype'))[T.rule follower]",0.13893571387124104,1
12,t_Intercept,0.3623049518029126,1
13,"t_C(type, Treatment('prototype'))[T.exception]",-0.005747119555940525,1
14,"t_C(type, Treatment('prototype'))[T.rule follower]",0.014617477655273575,1
15,t_roi65,-0.16296380556819634,1
16,"t_roi65:C(type, Treatment('prototype'))[T.exception]",0.2393856596118425,1
17,"t_roi65:C(type, Treatment('prototype'))[T.rule follower]",0.13647791943152132,1
0,v_Intercept,0.026642583490580185,0
1,"v_C(type, Treatment('prototype'))[T.exception]",0.14388077948554429,1
2,"v_C(type, Treatment('prototype'))[T.rule follower]",-0.0400389202807947,2
3,v_roi67,0.0901355613629724,3
4,"v_roi67:C(type, Treatment('prototype'))[T.exception]",-0.26943697018079793,4
5,"v_roi67:C(type, Treatment('prototype'))[T.rule follower]",-0.20698849150229906,5
6,a_Intercept,1.6677207568496373,6
7,"a_C(type, Treatment('prototype'))[T.exception]",0.08399288349431097,7
8,"a_C(type, Treatment('prototype'))[T.rule follower]",0.021439464848461376,8
9,a_roi67,1.2594545841686424,9
10,"a_roi67:C(type, Treatment('prototype'))[T.exception]",0.120601934287782,1
11,"a_roi67:C(type, Treatment('prototype'))[T.rule follower]",0.25260591478772043,1
12,t_Intercept,0.3645355340808009,1
13,"t_C(type, Treatment('prototype'))[T.exception]",0.028554723475184562,1
14,"t_C(type, Treatment('prototype'))[T.rule follower]",0.027879735840417662,1
15,t_roi67,-0.12452880222584092,1
16,"t_roi67:C(type, Treatment('prototype'))[T.exception]",-0.091697437728556,1
17,"t_roi67:C(type, Treatment('prototype'))[T.rule follower]",0.0710942805505709,1
0,v_Intercept,0.049119943952572576,0
1,"v_C(type, Treatment('prototype'))[T.exception]",0.08444199083519979,1
2,"v_C(type, Treatment('prototype'))[T.rule follower]",-0.029939986015389112,2
3,v_roi68,-0.18993210392719584,3
4,"v_roi68:C(type, Treatment('prototype'))[T.exception]",0.25855307663992605,4
5,"v_roi68:C(type, Treatment('prototype'))[T.rule follower]",-0.5068354898467371,5
6,a_Intercept,1.783411291224736,6
7,"a_C(type, Treatment('prototype'))[T.exception]",0.11089931099403733,7
8,"a_C(type, Treatment('prototype'))[T.rule follower]",0.06048957196085593,8
9,a_roi68,0.9693802612027618,9
10,"a_roi68:C(type, Treatment('prototype'))[T.exception]",-0.42725979866201147,1
11,"a_roi68:C(type, Treatment('prototype'))[T.rule follower]",-0.19830820421635176,1
12,t_Intercept,0.3516883616469262,1
13,"t_C(type, Treatment('prototype'))[T.exception]",0.014827143428100369,1
14,"t_C(type, Treatment('prototype'))[T.rule follower]",0.031833530693706084,1
15,t_roi68,-0.18160153546057609,1
16,"t_roi68:C(type, Treatment('prototype'))[T.exception]",0.13034462563667615,1
17,"t_roi68:C(type, Treatment('prototype'))[T.rule follower]",0.14509913108047925,1
0,v_Intercept,0.0413862497356841,0
1,"v_C(type, Treatment('prototype'))[T.exception]",0.09960534152134053,1
2,"v_C(type, Treatment('prototype'))[T.rule follower]",-0.06290747307729272,2
3,v_roi70,0.055246527157769336,3
4,"v_roi70:C(type, Treatment('prototype'))[T.exception]",0.12333023739724693,4
5,"v_roi70:C(type, Treatment('prototype'))[T.rule follower]",-0.8847427095590978,5
6,a_Intercept,1.8000156207773532,6
7,"a_C(type, Treatment('prototype'))[T.exception]",0.07875279621337772,7
8,"a_C(type, Treatment('prototype'))[T.rule follower]",0.04993489842331339,8
9,a_roi70,1.3872029844412532,9
10,"a_roi70:C(type, Treatment('prototype'))[T.exception]",-0.5564927275667679,1
11,"a_roi70:C(type, Treatment('prototype'))[T.rule follower]",0.09559429880638826,1
12,t_Intercept,0.3518528458227349,1
13,"t_C(type, Treatment('prototype'))[T.exception]",0.011199827300027209,1
14,"t_C(type, Treatment('prototype'))[T.rule follower]",0.02904402457743935,1
15,t_roi70,-0.06109751053530332,1
16,"t_roi70:C(type, Treatment('prototype'))[T.exception]",-0.13816672809717126,1
17,"t_roi70:C(type, Treatment('prototype'))[T.rule follower]",0.05278201369789859,1
0,v_Intercept,0.03679977285628183,0
1,"v_C(type, Treatment('prototype'))[T.exception]",0.11499660207143607,1
2,"v_C(type, Treatment('prototype'))[T.rule follower]",-0.054241116042603316,2
3,v_roi74,-0.6848666053699255,3
4,"v_roi74:C(type, Treatment('prototype'))[T.exception]",0.1808886056766368,4
5,"v_roi74:C(type, Treatment('prototype'))[T.rule follower]",0.5458463965518108,5
6,a_Intercept,1.8071849591263969,6
7,"a_C(type, Treatment('prototype'))[T.exception]",0.09343169838245867,7
8,"a_C(type, Treatment('prototype'))[T.rule follower]",0.06260015036576003,8
9,a_roi74,1.0271580829267415,9
10,"a_roi74:C(type, Treatment('prototype'))[T.exception]",0.05702294419421405,1
11,"a_roi74:C(type, Treatment('prototype'))[T.rule follower]",0.07612744305114627,1
12,t_Intercept,0.3600988517933561,1
13,"t_C(type, Treatment('prototype'))[T.exception]",-0.00027817026345439144,1
14,"t_C(type, Treatment('prototype'))[T.rule follower]",0.022352114319782932,1
15,t_roi74,0.23845626632013175,1
16,"t_roi74:C(type, Treatment('prototype'))[T.exception]",-0.49883768103553205,1
17,"t_roi74:C(type, Treatment('prototype'))[T.rule follower]",-0.13070807128139167,1
0,v_Intercept,0.03844832642302805,0
1,"v_C(type, Treatment('prototype'))[T.exception]",0.09108475468551992,1
2,"v_C(type, Treatment('prototype'))[T.rule follower]",-0.054866709117048745,2
3,v_roi77,-0.4958622991738166,3
4,"v_roi77:C(type, Treatment('prototype'))[T.exception]",0.007462408521595076,4
5,"v_roi77:C(type, Treatment('prototype'))[T.rule follower]",0.526437138047984,5
6,a_Intercept,1.7878903301681577,6
7,"a_C(type, Treatment('prototype'))[T.exception]",0.0830962056699468,7
8,"a_C(type, Treatment('prototype'))[T.rule follower]",0.03217638473253673,8
9,a_roi77,1.4501183756592797,9
10,"a_roi77:C(type, Treatment('prototype'))[T.exception]",-0.5282640345886311,1
11,"a_roi77:C(type, Treatment('prototype'))[T.rule follower]",0.192353223993222,1
12,t_Intercept,0.34544681442135,1
13,"t_C(type, Treatment('prototype'))[T.exception]",0.01078995098000126,1
14,"t_C(type, Treatment('prototype'))[T.rule follower]",0.03457847285100567,1
15,t_roi77,-0.1707400361902911,1
16,"t_roi77:C(type, Treatment('prototype'))[T.exception]",-0.047957582373269865,1
17,"t_roi77:C(type, Treatment('prototype'))[T.rule follower]",0.10765330596904782,1
0,v_Intercept,0.0455902995112443,0
1,"v_C(type, Treatment('prototype'))[T.exception]",0.07716681145358845,1
2,"v_C(type, Treatment('prototype'))[T.rule follower]",-0.046221734111988544,2
3,v_roi78,0.468085671725931,3
4,"v_roi78:C(type, Treatment('prototype'))[T.exception]",-1.0394826691551715,4
5,"v_roi78:C(type, Treatment('prototype'))[T.rule follower]",0.16296996067837188,5
6,a_Intercept,1.7558132193293559,6
7,"a_C(type, Treatment('prototype'))[T.exception]",0.10586298952722507,7
8,"a_C(type, Treatment('prototype'))[T.rule follower]",0.062111451641971564,8
9,a_roi78,-1.6701337320170395,9
10,"a_roi78:C(type, Treatment('prototype'))[T.exception]",0.03834282158380553,1
11,"a_roi78:C(type, Treatment('prototype'))[T.rule follower]",0.2642744457074349,1
12,t_Intercept,0.3533153192408101,1
13,"t_C(type, Treatment('prototype'))[T.exception]",0.011742415718804258,1
14,"t_C(type, Treatment('prototype'))[T.rule follower]",0.020351211237953026,1
15,t_roi78,0.03970935944025422,1
16,"t_roi78:C(type, Treatment('prototype'))[T.exception]",-0.208152392429702,1
17,"t_roi78:C(type, Treatment('prototype'))[T.rule follower]",-0.1993845579582174,1
0,v_Intercept,0.05333684184401667,0
1,"v_C(type, Treatment('prototype'))[T.exception]",0.09263440420216518,1
2,"v_C(type, Treatment('prototype'))[T.rule follower]",0.0006653652898458706,2
3,v_roi79,0.31947855505724965,3
4,"v_roi79:C(type, Treatment('prototype'))[T.exception]",-0.7084560070988077,4
5,"v_roi79:C(type, Treatment('prototype'))[T.rule follower]",2.5400553326831536,5
6,a_Intercept,1.7159752482634605,6
7,"a_C(type, Treatment('prototype'))[T.exception]",0.12058672842866675,7
8,"a_C(type, Treatment('prototype'))[T.rule follower]",0.02782975159963696,8
9,a_roi79,-3.5457287108866966,9
10,"a_roi79:C(type, Treatment('prototype'))[T.exception]",0.8339639811516961,1
11,"a_roi79:C(type, Treatment('prototype'))[T.rule follower]",-1.709036131409326,1
12,t_Intercept,0.3599528368363389,1
13,"t_C(type, Treatment('prototype'))[T.exception]",0.012992467859608572,1
14,"t_C(type, Treatment('prototype'))[T.rule follower]",0.027889988247057903,1
15,t_roi79,0.4743389108976698,1
16,"t_roi79:C(type, Treatment('prototype'))[T.exception]",0.032499000379862863,1
17,"t_roi79:C(type, Treatment('prototype'))[T.rule follower]",-0.013482097532324657,1
0,v_Intercept,0.05262787533224656,0
1,"v_C(type, Treatment('prototype'))[T.exception]",0.07169408290684498,1
2,"v_C(type, Treatment('prototype'))[T.rule follower]",-0.03846925024038511,2
3,v_roi80,-0.1970027847908261,3
4,"v_roi80:C(type, Treatment('prototype'))[T.exception]",-0.009548555484962584,4
5,"v_roi80:C(type, Treatment('prototype'))[T.rule follower]",-0.1856382088226256,5
6,a_Intercept,1.6957378076956582,6
7,"a_C(type, Treatment('prototype'))[T.exception]",0.11148229700977663,7
8,"a_C(type, Treatment('prototype'))[T.rule follower]",0.018688583688249636,8
9,a_roi80,1.263345903395524,9
10,"a_roi80:C(type, Treatment('prototype'))[T.exception]",-0.4027539082829299,1
11,"a_roi80:C(type, Treatment('prototype'))[T.rule follower]",0.41641267525514203,1
12,t_Intercept,0.3684735395843069,1
13,"t_C(type, Treatment('prototype'))[T.exception]",0.003997722567374629,1
14,"t_C(type, Treatment('prototype'))[T.rule follower]",0.02801987249609189,1
15,t_roi80,-0.19183615295905826,1
16,"t_roi80:C(type, Treatment('prototype'))[T.exception]",0.06703227373462099,1
17,"t_roi80:C(type, Treatment('prototype'))[T.rule follower]",0.036463737637582094,1
0,v_Intercept,0.03883199355754305,0
1,"v_C(type, Treatment('prototype'))[T.exception]",0.0991303847114948,1
2,"v_C(type, Treatment('prototype'))[T.rule follower]",-0.03279252477013442,2
3,v_roi81,-0.08643434674124117,3
4,"v_roi81:C(type, Treatment('prototype'))[T.exception]",-0.6699209699639388,4
5,"v_roi81:C(type, Treatment('prototype'))[T.rule follower]",-0.7858694122056944,5
6,a_Intercept,1.7673090070183142,6
7,"a_C(type, Treatment('prototype'))[T.exception]",0.10801115563394613,7
8,"a_C(type, Treatment('prototype'))[T.rule follower]",0.06432850896585274,8
9,a_roi81,0.5838561735619219,9
10,"a_roi81:C(type, Treatment('prototype'))[T.exception]",-0.5688248049614899,1
11,"a_roi81:C(type, Treatment('prototype'))[T.rule follower]",0.4210763159527557,1
12,t_Intercept,0.3651870746572229,1
13,"t_C(type, Treatment('prototype'))[T.exception]",0.003086867629154597,1
14,"t_C(type, Treatment('prototype'))[T.rule follower]",0.018098945914079297,1
15,t_roi81,-0.18736223829495247,1
16,"t_roi81:C(type, Treatment('prototype'))[T.exception]",0.06313802890073522,1
17,"t_roi81:C(type, Treatment('prototype'))[T.rule follower]",0.0956291548772888,1
0,v_Intercept,0.055570984717589006,0
1,"v_C(type, Treatment('prototype'))[T.exception]",0.06562335199452429,1
2,"v_C(type, Treatment('prototype'))[T.rule follower]",-0.06316337438169173,2
3,v_roi82,-0.5853204511624743,3
4,"v_roi82:C(type, Treatment('prototype'))[T.exception]",1.076347138478164,4
5,"v_roi82:C(type, Treatment('prototype'))[T.rule follower]",-0.0970663282787496,5
6,a_Intercept,1.7745367284279918,6
7,"a_C(type, Treatment('prototype'))[T.exception]",0.09162854017180576,7
8,"a_C(type, Treatment('prototype'))[T.rule follower]",0.018534035863972648,8
9,a_roi82,1.1569418423819755,9
10,"a_roi82:C(type, Treatment('prototype'))[T.exception]",0.10367860556041776,1
11,"a_roi82:C(type, Treatment('prototype'))[T.rule follower]",0.21113790539363572,1
12,t_Intercept,0.35512244778895796,1
13,"t_C(type, Treatment('prototype'))[T.exception]",0.013979199361520804,1
14,"t_C(type, Treatment('prototype'))[T.rule follower]",0.0338865719300344,1
15,t_roi82,0.09895109295354376,1
16,"t_roi82:C(type, Treatment('prototype'))[T.exception]",-0.298802707130487,1
17,"t_roi82:C(type, Treatment('prototype'))[T.rule follower]",-0.07292846508375267,1
0,v_Intercept,0.08287267813235362,0
1,"v_C(type, Treatment('prototype'))[T.exception]",0.04724617304136109,1
2,"v_C(type, Treatment('prototype'))[T.rule follower]",-0.02962395405655246,2
3,v_roi83,0.6434559500042175,3
4,"v_roi83:C(type, Treatment('prototype'))[T.exception]",-1.3671953801704388,4
5,"v_roi83:C(type, Treatment('prototype'))[T.rule follower]",0.4638215737603098,5
6,a_Intercept,1.7246063564671343,6
7,"a_C(type, Treatment('prototype'))[T.exception]",0.08433911549841319,7
8,"a_C(type, Treatment('prototype'))[T.rule follower]",0.06479697612624416,8
9,a_roi83,-1.7218683775726598,9
10,"a_roi83:C(type, Treatment('prototype'))[T.exception]",-0.5785035198273993,1
11,"a_roi83:C(type, Treatment('prototype'))[T.rule follower]",0.4010813891621388,1
12,t_Intercept,0.3607975690807378,1
13,"t_C(type, Treatment('prototype'))[T.exception]",0.012970581598774684,1
14,"t_C(type, Treatment('prototype'))[T.rule follower]",0.02415111202245044,1
15,t_roi83,0.1390161790189021,1
16,"t_roi83:C(type, Treatment('prototype'))[T.exception]",0.04551050368038634,1
17,"t_roi83:C(type, Treatment('prototype'))[T.rule follower]",-0.2298108358014451,1
0,v_Intercept,0.05208434578532106,0
1,"v_C(type, Treatment('prototype'))[T.exception]",0.10686370134450912,1
2,"v_C(type, Treatment('prototype'))[T.rule follower]",-0.054433904991282256,2
3,v_roi88,-0.6071593935661915,3
4,"v_roi88:C(type, Treatment('prototype'))[T.exception]",0.6649692988305369,4
5,"v_roi88:C(type, Treatment('prototype'))[T.rule follower]",0.7252280896106941,5
6,a_Intercept,1.7797039333822204,6
7,"a_C(type, Treatment('prototype'))[T.exception]",0.09226253251770984,7
8,"a_C(type, Treatment('prototype'))[T.rule follower]",0.01523355452377864,8
9,a_roi88,1.140814622466365,9
10,"a_roi88:C(type, Treatment('prototype'))[T.exception]",-0.5110788586452326,1
11,"a_roi88:C(type, Treatment('prototype'))[T.rule follower]",0.37512821916701866,1
12,t_Intercept,0.3544851240501111,1
13,"t_C(type, Treatment('prototype'))[T.exception]",0.002988225136042459,1
14,"t_C(type, Treatment('prototype'))[T.rule follower]",0.0335373365952304,1
15,t_roi88,-0.08803979395111894,1
16,"t_roi88:C(type, Treatment('prototype'))[T.exception]",0.02286539663314241,1
17,"t_roi88:C(type, Treatment('prototype'))[T.rule follower]",0.012182224096644462,1
0,v_Intercept,0.06374689693455317,0
1,"v_C(type, Treatment('prototype'))[T.exception]",0.06169299374628062,1
2,"v_C(type, Treatment('prototype'))[T.rule follower]",-0.040138122103997136,2
3,v_roi90,0.17148057823524132,3
4,"v_roi90:C(type, Treatment('prototype'))[T.exception]",-0.3923360965677611,4
5,"v_roi90:C(type, Treatment('prototype'))[T.rule follower]",0.2664628856357396,5
6,a_Intercept,1.7579520399006268,6
7,"a_C(type, Treatment('prototype'))[T.exception]",0.07029517400427326,7
8,"a_C(type, Treatment('prototype'))[T.rule follower]",0.01946603500126537,8
9,a_roi90,-0.7522487108244501,9
10,"a_roi90:C(type, Treatment('prototype'))[T.exception]",-0.7614965141119461,1
11,"a_roi90:C(type, Treatment('prototype'))[T.rule follower]",-0.71811535178875,1
12,t_Intercept,0.3540786009599581,1
13,"t_C(type, Treatment('prototype'))[T.exception]",0.00991283832666251,1
14,"t_C(type, Treatment('prototype'))[T.rule follower]",0.0250673933332115,1
15,t_roi90,0.2336228652734024,1
16,"t_roi90:C(type, Treatment('prototype'))[T.exception]",-0.029278076443953638,1
17,"t_roi90:C(type, Treatment('prototype'))[T.rule follower]",0.0068236441989508725,1
0,v_Intercept,0.055600217435830414,0
1,"v_C(type, Treatment('prototype'))[T.exception]",0.05613816182072101,1
2,"v_C(type, Treatment('prototype'))[T.rule follower]",0.00710928817994344,2
3,v_roi91,0.2289780782707925,3
4,"v_roi91:C(type, Treatment('prototype'))[T.exception]",-0.977419757858354,4
5,"v_roi91:C(type, Treatment('prototype'))[T.rule follower]",1.0648840782703348,5
6,a_Intercept,1.7414500940690316,6
7,"a_C(type, Treatment('prototype'))[T.exception]",0.06832538420543348,7
8,"a_C(type, Treatment('prototype'))[T.rule follower]",0.04163560722004658,8
9,a_roi91,-0.7004527250552901,9
10,"a_roi91:C(type, Treatment('prototype'))[T.exception]",-0.6179478811249788,1
11,"a_roi91:C(type, Treatment('prototype'))[T.rule follower]",-0.6794565262359491,1
12,t_Intercept,0.3586305461567893,1
13,"t_C(type, Treatment('prototype'))[T.exception]",0.0180064553153515,1
14,"t_C(type, Treatment('prototype'))[T.rule follower]",0.028176558148295706,1
15,t_roi91,0.13616638814389392,1
16,"t_roi91:C(type, Treatment('prototype'))[T.exception]",0.1566928092390517,1
17,"t_roi91:C(type, Treatment('prototype'))[T.rule follower]",0.032228572333426415,1
0,v_Intercept,0.08775931385419891,0
1,"v_C(type, Treatment('prototype'))[T.exception]",0.1069912708440924,1
2,"v_C(type, Treatment('prototype'))[T.rule follower]",-0.04249422027157404,2
3,v_roi92,0.7104479468319429,3
4,"v_roi92:C(type, Treatment('prototype'))[T.exception]",0.13043311549272696,4
5,"v_roi92:C(type, Treatment('prototype'))[T.rule follower]",-0.12612945594752234,5
6,a_Intercept,1.71084891624128,6
7,"a_C(type, Treatment('prototype'))[T.exception]",0.042178750555285416,7
8,"a_C(type, Treatment('prototype'))[T.rule follower]",-0.045982921768084,8
9,a_roi92,-1.3345468545295869,9
10,"a_roi92:C(type, Treatment('prototype'))[T.exception]",-0.08303497679295835,1
11,"a_roi92:C(type, Treatment('prototype'))[T.rule follower]",-1.1568305219772397,1
12,t_Intercept,0.36630834512681903,1
13,"t_C(type, Treatment('prototype'))[T.exception]",0.041102288661757615,1
14,"t_C(type, Treatment('prototype'))[T.rule follower]",0.03958080740695572,1
15,t_roi92,0.20682153771198464,1
16,"t_roi92:C(type, Treatment('prototype'))[T.exception]",0.153087626234635,1
17,"t_roi92:C(type, Treatment('prototype'))[T.rule follower]",-0.08547855486320571,1
0,v_Intercept,0.06753562404372428,0
1,"v_C(type, Treatment('prototype'))[T.exception]",0.10278918485247933,1
2,"v_C(type, Treatment('prototype'))[T.rule follower]",-0.043389191328616065,2
3,v_roi93,0.2538116482076095,3
4,"v_roi93:C(type, Treatment('prototype'))[T.exception]",0.42267025444874906,4
5,"v_roi93:C(type, Treatment('prototype'))[T.rule follower]",0.430521456017146,5
6,a_Intercept,1.7384965892470046,6
7,"a_C(type, Treatment('prototype'))[T.exception]",0.06383596530252299,7
8,"a_C(type, Treatment('prototype'))[T.rule follower]",0.03214479068785493,8
9,a_roi93,-0.9026279447847934,9
10,"a_roi93:C(type, Treatment('prototype'))[T.exception]",-0.29962009994701644,1
11,"a_roi93:C(type, Treatment('prototype'))[T.rule follower]",-0.3437607564887619,1
12,t_Intercept,0.35515309469925616,1
13,"t_C(type, Treatment('prototype'))[T.exception]",0.031791181812458644,1
14,"t_C(type, Treatment('prototype'))[T.rule follower]",0.03195661112825658,1
15,t_roi93,0.07133818654613022,1
16,"t_roi93:C(type, Treatment('prototype'))[T.exception]",0.2039295362949617,1
17,"t_roi93:C(type, Treatment('prototype'))[T.rule follower]",0.07121581925079362,1
0,v_Intercept,0.06538198572342407,0
1,"v_C(type, Treatment('prototype'))[T.exception]",0.08874500530149315,1
2,"v_C(type, Treatment('prototype'))[T.rule follower]",-0.034975293032385724,2
3,v_roi94,0.6492186453526005,3
4,"v_roi94:C(type, Treatment('prototype'))[T.exception]",-0.059651234701793225,4
5,"v_roi94:C(type, Treatment('prototype'))[T.rule follower]",-0.12681410449457653,5
6,a_Intercept,1.7550477972579288,6
7,"a_C(type, Treatment('prototype'))[T.exception]",0.10040075700984047,7
8,"a_C(type, Treatment('prototype'))[T.rule follower]",0.0434869834943309,8
9,a_roi94,-0.9337214557045151,9
10,"a_roi94:C(type, Treatment('prototype'))[T.exception]",-0.4867219661713045,1
11,"a_roi94:C(type, Treatment('prototype'))[T.rule follower]",-0.05472669166829869,1
12,t_Intercept,0.3531359264186697,1
13,"t_C(type, Treatment('prototype'))[T.exception]",0.010411036723543349,1
14,"t_C(type, Treatment('prototype'))[T.rule follower]",0.03327080728547216,1
15,t_roi94,0.07427683523690283,1
16,"t_roi94:C(type, Treatment('prototype'))[T.exception]",-0.07816670151596583,1
17,"t_roi94:C(type, Treatment('prototype'))[T.rule follower]",-0.193111542669432,1
0,v_Intercept,0.057086155101450466,0
1,"v_C(type, Treatment('prototype'))[T.exception]",0.10412763517335633,1
2,"v_C(type, Treatment('prototype'))[T.rule follower]",-0.033705083742011366,2
3,v_roi99,-0.06273120458588323,3
4,"v_roi99:C(type, Treatment('prototype'))[T.exception]",1.4624923205433231,4
5,"v_roi99:C(type, Treatment('prototype'))[T.rule follower]",0.5831766488464556,5
6,a_Intercept,1.7408962829528785,6
7,"a_C(type, Treatment('prototype'))[T.exception]",0.08504156166436289,7
8,"a_C(type, Treatment('prototype'))[T.rule follower]",0.04320805914761039,8
9,a_roi99,-0.8918544734134262,9
10,"a_roi99:C(type, Treatment('prototype'))[T.exception]",-0.777036973500774,1
11,"a_roi99:C(type, Treatment('prototype'))[T.rule follower]",-0.6640306563304366,1
12,t_Intercept,0.3545650159340971,1
13,"t_C(type, Treatment('prototype'))[T.exception]",0.018113052664976783,1
14,"t_C(type, Treatment('prototype'))[T.rule follower]",0.020700316780302173,1
15,t_roi99,-0.007402154968493058,1
16,"t_roi99:C(type, Treatment('prototype'))[T.exception]",0.07911531077418882,1
17,"t_roi99:C(type, Treatment('prototype'))[T.rule follower]",0.23007604032427054,1
0,v_Intercept,0.049467528768469916,0
1,"v_C(type, Treatment('prototype'))[T.exception]",0.07184970271123836,1
2,"v_C(type, Treatment('prototype'))[T.rule follower]",-0.03105270640713753,2
3,v_roi105,0.3898064498015321,3
4,"v_roi105:C(type, Treatment('prototype'))[T.exception]",-0.3280186425981402,4
5,"v_roi105:C(type, Treatment('prototype'))[T.rule follower]",-0.14555321793903175,5
6,a_Intercept,1.7519392437513737,6
7,"a_C(type, Treatment('prototype'))[T.exception]",0.06912804425512065,7
8,"a_C(type, Treatment('prototype'))[T.rule follower]",0.040506182106537884,8
9,a_roi105,-1.7740555478852558,9
10,"a_roi105:C(type, Treatment('prototype'))[T.exception]",-0.7261265144314795,1
11,"a_roi105:C(type, Treatment('prototype'))[T.rule follower]",-0.217660610141762,1
12,t_Intercept,0.36075739723361894,1
13,"t_C(type, Treatment('prototype'))[T.exception]",0.018942151420383885,1
14,"t_C(type, Treatment('prototype'))[T.rule follower]",0.028044945613274613,1
15,t_roi105,0.3454437557183237,1
16,"t_roi105:C(type, Treatment('prototype'))[T.exception]",0.10937331173716812,1
17,"t_roi105:C(type, Treatment('prototype'))[T.rule follower]",-0.4322650836747507,1
0,v_Intercept,0.03313544655521688,0
1,"v_C(type, Treatment('prototype'))[T.exception]",0.11180267257145292,1
2,"v_C(type, Treatment('prototype'))[T.rule follower]",-0.05390559848434548,2
3,v_roi106,-0.5828450286239848,3
4,"v_roi106:C(type, Treatment('prototype'))[T.exception]",1.3630212161083062,4
5,"v_roi106:C(type, Treatment('prototype'))[T.rule follower]",0.6403743931788726,5
6,a_Intercept,1.7510382364279975,6
7,"a_C(type, Treatment('prototype'))[T.exception]",0.10088869171484374,7
8,"a_C(type, Treatment('prototype'))[T.rule follower]",0.03158777305329037,8
9,a_roi106,-1.682654346519731,9
10,"a_roi106:C(type, Treatment('prototype'))[T.exception]",-0.014415148722439762,1
11,"a_roi106:C(type, Treatment('prototype'))[T.rule follower]",-0.6209688994197651,1
12,t_Intercept,0.3640488740768462,1
13,"t_C(type, Treatment('prototype'))[T.exception]",0.0072782705123286265,1
14,"t_C(type, Treatment('prototype'))[T.rule follower]",0.021664582134352024,1
15,t_roi106,0.3325411089496305,1
16,"t_roi106:C(type, Treatment('prototype'))[T.exception]",0.03697968867360124,1
17,"t_roi106:C(type, Treatment('prototype'))[T.rule follower]",0.17405315299802648,1
